name,price,original_price,category,unit,stock,brand,description,image_url,is_featured,is_active
Amul Taaza Toned Milk,30,30,DAIRY AND EGGS,500 ml,100,Amul,Amul Taaza Toned Milk,"https://cdn.grofers.com/cdn-cgi/image/f=auto,fit=scale-down,q=70,metadata=none,w=270/da/cms-assets/cms/product/5734b087-3ad9-485f-bbe2-52079cd9e35d.png",False,True
Amul Gold Full Cream Milk,36,36,DAIRY AND EGGS,500 ml,100,Amul,Amul Gold Full Cream Milk,"https://cdn.grofers.com/cdn-cgi/image/f=auto,fit=scale-down,q=70,metadata=none,w=270/da/cms-assets/cms/product/628c97e0-5ed4-425d-a667-1d3bfa6f0bde.png",False,True
Amul Cow Milk,30,30,DAIRY AND EGGS,500 ml,100,Amul,Amul Cow Milk,"https://cdn.grofers.com/cdn-cgi/image/f=auto,fit=scale-down,q=70,metadata=none,w=270/da/cms-assets/cms/product/rc-upload-1770981407245-4.png",False,True
Amul Salted Butter,63,63,DAIRY AND EGGS,100 g,100,Amul,Amul Salted Butter,"https://cdn.grofers.com/cdn-cgi/image/f=auto,fit=scale-down,q=70,metadata=none,w=270/da/cms-assets/cms/product/613787ac-f983-4cfb-b534-e219c8d47b39.png",False,True
Amul Masti Cup Curd,25,25,DAIRY AND EGGS,200 g,100,Amul,Amul Masti Cup Curd,"https://cdn.grofers.com/cdn-cgi/image/f=auto,fit=scale-down,q=70,metadata=none,w=270/da/cms-assets/cms/product/e47341cd-d920-4c0a-a9f2-20d663976cd0.png",False,True
Britannia Vitarich Sandwich White Bread,40,40,DAIRY AND EGGS,350 g,100,Britannia,Britannia Vitarich Sandwich White Bread,"https://cdn.grofers.com/cdn-cgi/image/f=auto,fit=scale-down,q=70,metadata=none,w=270/da/cms-assets/cms/product/0e27e0ff-2f0d-41e5-92fa-9b1c1b1ca23c.png",False,True
Gokul Full Cream Milk,38,38,DAIRY AND EGGS,500 ml,100,Gokul,Gokul Full Cream Milk,"https://cdn.grofers.com/cdn-cgi/image/f=auto,fit=scale-down,q=70,metadata=none,w=270/da/cms-assets/cms/product/bc94259c-f293-4289-abc5-f4cb0da63270.png",False,True
Yojana Poultry Power White Eggs - 6 pcs,58,58,DAIRY AND EGGS,6 pcs,100,Yojana,Yojana Poultry Power White Eggs - 6 pcs,"https://cdn.grofers.com/cdn-cgi/image/f=auto,fit=scale-down,q=70,metadata=none,w=90/assets/eta-icons/15-mins.png",False,True
Amul Masti Cup Cup Curd,50,50,DAIRY AND EGGS,400 g,100,Amul,Amul Masti Cup Cup Curd,"https://cdn.grofers.com/cdn-cgi/image/f=auto,fit=scale-down,q=70,metadata=none,w=90/assets/eta-icons/15-mins.png",False,True
Amul Masti Pouch Curd,85,85,DAIRY AND EGGS,1 kg,100,Amul,Amul Masti Pouch Curd,"https://cdn.grofers.com/cdn-cgi/image/f=auto,fit=scale-down,q=70,metadata=none,w=90/assets/eta-icons/15-mins.png",False,True
Gokul Full Cream Milk,76,76,DAIRY AND EGGS,1 ltr,100,Gokul,Gokul Full Cream Milk,"https://cdn.grofers.com/cdn-cgi/image/f=auto,fit=scale-down,q=70,metadata=none,w=90/assets/eta-icons/15-mins.png",False,True
Modern White Bread,45,45,DAIRY AND EGGS,400 g,100,Modern,Modern White Bread,"https://cdn.grofers.com/cdn-cgi/image/f=auto,fit=scale-down,q=70,metadata=none,w=90/assets/eta-icons/15-mins.png",False,True
Amul Buffalo A2 Milk,39,39,DAIRY AND EGGS,500 ml,100,Amul,Amul Buffalo A2 Milk,"https://cdn.grofers.com/cdn-cgi/image/f=auto,fit=scale-down,q=70,metadata=none,w=90/assets/eta-icons/15-mins.png",False,True
Amul Taaza Homogenised Toned Milk,77,77,DAIRY AND EGGS,1 ltr,100,Amul,Amul Taaza Homogenised Toned Milk,"https://cdn.grofers.com/cdn-cgi/image/f=auto,fit=scale-down,q=70,metadata=none,w=90/assets/eta-icons/15-mins.png",False,True
Amul Pouch Curd,50,50,DAIRY AND EGGS,700 g,100,Amul,Amul Pouch Curd,"https://cdn.grofers.com/cdn-cgi/image/f=auto,fit=scale-down,q=70,metadata=none,w=90/assets/eta-icons/15-mins.png",False,True
Perfect Rolled Cones (Natural) - Bongchie,45,45,DAIRY AND EGGS,3 pcs,100,Perfect,Perfect Rolled Cones (Natural) - Bongchie,"https://cdn.grofers.com/cdn-cgi/image/f=auto,fit=scale-down,q=70,metadata=none,w=90/assets/eta-icons/15-mins.png",False,True
Booklet of 32 Brown Leaves and Tips Rolling Paper - Original Gangster,90,90,DAIRY AND EGGS,1 pc,100,Booklet,Booklet of 32 Brown Leaves and Tips Rolling Paper - Original Gangster,"https://cdn.grofers.com/cdn-cgi/image/f=auto,fit=scale-down,q=70,metadata=none,w=90/assets/eta-icons/15-mins.png",False,True
"Ultimate Rolling Paper with Filter Tips & Crushing Tray (King Size, Unbleached) - Mozo",90,90,DAIRY AND EGGS,32 pcs,100,Ultimate,"Ultimate Rolling Paper with Filter Tips & Crushing Tray (King Size, Unbleached) - Mozo","https://cdn.grofers.com/cdn-cgi/image/f=auto,fit=scale-down,q=70,metadata=none,w=90/assets/eta-icons/15-mins.png",False,True
Super Slim Brown Rolling Paper - Stash Pro,55,55,DAIRY AND EGGS,32 pcs,100,Super,Super Slim Brown Rolling Paper - Stash Pro,"https://cdn.grofers.com/cdn-cgi/image/f=auto,fit=scale-down,q=70,metadata=none,w=90/assets/eta-icons/15-mins.png",False,True
Thins Pre-Rolled Rolling Paper - LIT,25,25,DAIRY AND EGGS,1 pack,100,Thins,Thins Pre-Rolled Rolling Paper - LIT,"https://cdn.grofers.com/cdn-cgi/image/f=auto,fit=scale-down,q=70,metadata=none,w=90/assets/eta-icons/15-mins.png",False,True
White Thin Rolling Paper (King Size) - Elements,80,80,DAIRY AND EGGS,32 pcs,100,White,White Thin Rolling Paper (King Size) - Elements,"https://cdn.grofers.com/cdn-cgi/image/f=auto,fit=scale-down,q=70,metadata=none,w=90/assets/eta-icons/15-mins.png",False,True
Perforated Wide Tips Roach - Raw,50,50,DAIRY AND EGGS,50 pcs,100,Perforated,Perforated Wide Tips Roach - Raw,"https://cdn.grofers.com/cdn-cgi/image/f=auto,fit=scale-down,q=70,metadata=none,w=90/assets/eta-icons/15-mins.png",False,True
Black Slim Rolling Paper (King Size) - Raw,100,100,DAIRY AND EGGS,32 pcs,100,Black,Black Slim Rolling Paper (King Size) - Raw,"https://cdn.grofers.com/cdn-cgi/image/f=auto,fit=scale-down,q=70,metadata=none,w=90/assets/eta-icons/15-mins.png",False,True
Brown Ripper Rolling Paper 32 Leaves + 32 Roaches - Stash Pro,120,120,DAIRY AND EGGS,32 pcs,100,Brown,Brown Ripper Rolling Paper 32 Leaves + 32 Roaches - Stash Pro,"https://cdn.grofers.com/cdn-cgi/image/f=auto,fit=scale-down,q=70,metadata=none,w=90/assets/eta-icons/15-mins.png",False,True
Perfect Ultra Thin Pre Rolled Cones - Bongchie,90,90,DAIRY AND EGGS,6 pcs,100,Perfect,Perfect Ultra Thin Pre Rolled Cones - Bongchie,"https://cdn.grofers.com/cdn-cgi/image/f=auto,fit=scale-down,q=70,metadata=none,w=90/assets/eta-icons/15-mins.png",False,True
"Ultimate Rolling Paper with Filter Tips & Crushing Tray (King Size, Bleached) - Mozo",80,80,DAIRY AND EGGS,32 pcs,100,Ultimate,"Ultimate Rolling Paper with Filter Tips & Crushing Tray (King Size, Bleached) - Mozo","https://cdn.grofers.com/cdn-cgi/image/f=auto,fit=scale-down,q=70,metadata=none,w=90/assets/eta-icons/15-mins.png",False,True
Classic Filter Tips & Rolling Paper (King Size) - Raw,150,150,DAIRY AND EGGS,32 pcs,100,Classic,Classic Filter Tips & Rolling Paper (King Size) - Raw,"https://cdn.grofers.com/cdn-cgi/image/f=auto,fit=scale-down,q=70,metadata=none,w=90/assets/eta-icons/15-mins.png",False,True
Metallic Herb Grinder/ Crusher - Outontrip,250,250,DAIRY AND EGGS,1 pc,100,Metallic,Metallic Herb Grinder/ Crusher - Outontrip,"https://cdn.grofers.com/cdn-cgi/image/f=auto,fit=scale-down,q=70,metadata=none,w=90/assets/eta-icons/15-mins.png",False,True
White Ripper Tipper Rolling Paper with Roaches - Stash Pro,100,100,DAIRY AND EGGS,32 pcs,100,White,White Ripper Tipper Rolling Paper with Roaches - Stash Pro,"https://cdn.grofers.com/cdn-cgi/image/f=auto,fit=scale-down,q=70,metadata=none,w=90/assets/eta-icons/15-mins.png",False,True
White Rolling Paper Tips - Elements,50,50,DAIRY AND EGGS,50 pcs,100,White,White Rolling Paper Tips - Elements,"https://cdn.grofers.com/cdn-cgi/image/f=auto,fit=scale-down,q=70,metadata=none,w=90/assets/eta-icons/15-mins.png",False,True
Protein Chef Baked Coated Peanuts (Masala Roasted Healthy Snacks),69,69,DAIRY AND EGGS,50 g,100,Protein,Protein Chef Baked Coated Peanuts (Masala Roasted Healthy Snacks),"https://cdn.grofers.com/cdn-cgi/image/f=auto,fit=scale-down,q=70,metadata=none,w=90/assets/eta-icons/15-mins.png",False,True
Protein Chef Sprouted Flour Bhujia (No Palm Oil),99,99,DAIRY AND EGGS,80 g,100,Protein,Protein Chef Sprouted Flour Bhujia (No Palm Oil),"https://cdn.grofers.com/cdn-cgi/image/f=auto,fit=scale-down,q=70,metadata=none,w=90/assets/eta-icons/15-mins.png",False,True
Beanly Choco Hazelnut Spread with Breadsticks,99,99,DAIRY AND EGGS,52 g,100,Beanly,Beanly Choco Hazelnut Spread with Breadsticks,"https://cdn.grofers.com/cdn-cgi/image/f=auto,fit=scale-down,q=70,metadata=none,w=90/assets/eta-icons/15-mins.png",False,True
Red Rock Deli Baked Chips (Greek Salad) 40% Less Fat Snacks,51,51,DAIRY AND EGGS,53 g,100,Red,Red Rock Deli Baked Chips (Greek Salad) 40% Less Fat Snacks,"https://cdn.grofers.com/cdn-cgi/image/f=auto,fit=scale-down,q=70,metadata=none,w=90/assets/eta-icons/15-mins.png",False,True
Takis Fuego Rolled Tortilla Chips,159,159,DAIRY AND EGGS,28.4 g,100,Takis,Takis Fuego Rolled Tortilla Chips,"https://cdn.grofers.com/cdn-cgi/image/f=auto,fit=scale-down,q=70,metadata=none,w=90/assets/eta-icons/15-mins.png",False,True
Moi Soi Brown Rice Paper,109,109,DAIRY AND EGGS,100 g,100,Moi,Moi Soi Brown Rice Paper,"https://cdn.grofers.com/cdn-cgi/image/f=auto,fit=scale-down,q=70,metadata=none,w=90/assets/eta-icons/15-mins.png",False,True
Cheetos Flamin Hot Crunchy Crisps,199,199,DAIRY AND EGGS,35.4 g,100,Cheetos,Cheetos Flamin Hot Crunchy Crisps,"https://cdn.grofers.com/cdn-cgi/image/f=auto,fit=scale-down,q=70,metadata=none,w=90/assets/eta-icons/15-mins.png",False,True
Crax Truffle Fries (Black Truffle & Parmesan Cheese),45,45,DAIRY AND EGGS,55 g,100,Crax,Crax Truffle Fries (Black Truffle & Parmesan Cheese),"https://cdn.grofers.com/cdn-cgi/image/f=auto,fit=scale-down,q=70,metadata=none,w=90/assets/eta-icons/15-mins.png",False,True
Kettle Studio Sharp Jalapenos & Cream Cheese Potato Chips,47,47,DAIRY AND EGGS,60 g,100,Kettle,Kettle Studio Sharp Jalapenos & Cream Cheese Potato Chips,"https://cdn.grofers.com/cdn-cgi/image/f=auto,fit=scale-down,q=70,metadata=none,w=90/assets/eta-icons/15-mins.png",False,True
Too Yumm Cheese Balls Puffs (No Palm Oil),29,29,DAIRY AND EGGS,40 g,100,Too,Too Yumm Cheese Balls Puffs (No Palm Oil),"https://cdn.grofers.com/cdn-cgi/image/f=auto,fit=scale-down,q=70,metadata=none,w=90/assets/eta-icons/15-mins.png",False,True
Protein Chef Himalayan Pink Salted Peanuts (Healthy & Roasted),59,59,DAIRY AND EGGS,100 g,100,Protein,Protein Chef Himalayan Pink Salted Peanuts (Healthy & Roasted),"https://cdn.grofers.com/cdn-cgi/image/f=auto,fit=scale-down,q=70,metadata=none,w=90/assets/eta-icons/15-mins.png",False,True
Kettle Studio Himalayan Pink Salt Potato Chips,47,47,DAIRY AND EGGS,60 g,100,Kettle,Kettle Studio Himalayan Pink Salt Potato Chips,"https://cdn.grofers.com/cdn-cgi/image/f=auto,fit=scale-down,q=70,metadata=none,w=90/assets/eta-icons/15-mins.png",False,True
Kettle Studio Rock Sea Salt & English Vinegar Potato Chips,99,99,DAIRY AND EGGS,113 g,100,Kettle,Kettle Studio Rock Sea Salt & English Vinegar Potato Chips,"https://cdn.grofers.com/cdn-cgi/image/f=auto,fit=scale-down,q=70,metadata=none,w=90/assets/eta-icons/15-mins.png",False,True
Kab's Jackpot Fire Balls Snack,49,49,DAIRY AND EGGS,60 g,100,Kab's,Kab's Jackpot Fire Balls Snack,"https://cdn.grofers.com/cdn-cgi/image/f=auto,fit=scale-down,q=70,metadata=none,w=90/assets/eta-icons/15-mins.png",False,True
Kettle Studio Air Fried Lime & Chilli Potato Chips,99,99,DAIRY AND EGGS,85 g,100,Kettle,Kettle Studio Air Fried Lime & Chilli Potato Chips,"https://cdn.grofers.com/cdn-cgi/image/f=auto,fit=scale-down,q=70,metadata=none,w=90/assets/eta-icons/15-mins.png",False,True
Chief Commissioner Herbal Hookah Flavor (Tobacco Free) by Soex,100,100,DAIRY AND EGGS,50 g,100,Chief,Chief Commissioner Herbal Hookah Flavor (Tobacco Free) by Soex,"https://cdn.grofers.com/cdn-cgi/image/f=auto,fit=scale-down,q=70,metadata=none,w=90/assets/eta-icons/15-mins.png",False,True
Coconut Hookah Coal by Bongchie,125,125,DAIRY AND EGGS,250 g,100,Coconut,Coconut Hookah Coal by Bongchie,"https://cdn.grofers.com/cdn-cgi/image/f=auto,fit=scale-down,q=70,metadata=none,w=90/assets/eta-icons/15-mins.png",False,True
Premium Magic Coal By Stash Pro,80,80,DAIRY AND EGGS,10 pcs,100,Premium,Premium Magic Coal By Stash Pro,"https://cdn.grofers.com/cdn-cgi/image/f=auto,fit=scale-down,q=70,metadata=none,w=90/assets/eta-icons/15-mins.png",False,True
Instant Ignite Magic Coal by Bongchie,80,80,DAIRY AND EGGS,10 pcs,100,Instant,Instant Ignite Magic Coal by Bongchie,"https://cdn.grofers.com/cdn-cgi/image/f=auto,fit=scale-down,q=70,metadata=none,w=90/assets/eta-icons/15-mins.png",False,True
Natural Coconut Hookah Charcoal Coal By Irfaz,130,130,DAIRY AND EGGS,30 pcs,100,Natural,Natural Coconut Hookah Charcoal Coal By Irfaz,"https://cdn.grofers.com/cdn-cgi/image/f=auto,fit=scale-down,q=70,metadata=none,w=90/assets/eta-icons/15-mins.png",False,True
Coconut Hookah Coal Cubes by Stash Pro,180,180,DAIRY AND EGGS,250 g,100,Coconut,Coconut Hookah Coal Cubes by Stash Pro,"https://cdn.grofers.com/cdn-cgi/image/f=auto,fit=scale-down,q=70,metadata=none,w=90/assets/eta-icons/15-mins.png",False,True
Flat Coconut Hookah Coal Cubes by Stash Pro,180,180,DAIRY AND EGGS,250 g,100,Flat,Flat Coconut Hookah Coal Cubes by Stash Pro,"https://cdn.grofers.com/cdn-cgi/image/f=auto,fit=scale-down,q=70,metadata=none,w=90/assets/eta-icons/15-mins.png",False,True
Mouthpiece Hookah Pipe by Cocoyaya,150,150,DAIRY AND EGGS,40 pcs,100,Mouthpiece,Mouthpiece Hookah Pipe by Cocoyaya,"https://cdn.grofers.com/cdn-cgi/image/f=auto,fit=scale-down,q=70,metadata=none,w=90/assets/eta-icons/15-mins.png",False,True
Premium Hookah Charcoal Polo Magic Coal by Irfaz,79,79,DAIRY AND EGGS,10 tabs,100,Premium,Premium Hookah Charcoal Polo Magic Coal by Irfaz,"https://cdn.grofers.com/cdn-cgi/image/f=auto,fit=scale-down,q=70,metadata=none,w=90/assets/eta-icons/15-mins.png",False,True
Premuim Instant Ignite Magic Coal by Quick Click Goods,139,139,DAIRY AND EGGS,2 packs,100,Premuim,Premuim Instant Ignite Magic Coal by Quick Click Goods,"https://cdn.grofers.com/cdn-cgi/image/f=auto,fit=scale-down,q=70,metadata=none,w=90/assets/eta-icons/15-mins.png",False,True
Hot Plate Heater Electric Coil Burner 500W by Cocoyaya,690,690,DAIRY AND EGGS,1 pc,100,Hot,Hot Plate Heater Electric Coil Burner 500W by Cocoyaya,"https://cdn.grofers.com/cdn-cgi/image/f=auto,fit=scale-down,q=70,metadata=none,w=90/assets/eta-icons/15-mins.png",False,True
Electric Charcoal Starter Hookah by Sheesha's Crown,699,699,DAIRY AND EGGS,1 pc,100,Electric,Electric Charcoal Starter Hookah by Sheesha's Crown,"https://cdn.grofers.com/cdn-cgi/image/f=auto,fit=scale-down,q=70,metadata=none,w=90/assets/eta-icons/15-mins.png",False,True
Premium Silver Hookah Foil by Rhythm Imports,100,100,DAIRY AND EGGS,30 pcs,100,Premium,Premium Silver Hookah Foil by Rhythm Imports,"https://cdn.grofers.com/cdn-cgi/image/f=auto,fit=scale-down,q=70,metadata=none,w=90/assets/eta-icons/15-mins.png",False,True
Metal Coal Hookah Cloud by Smokey Lust,350,350,DAIRY AND EGGS,1 pc,100,Metal,Metal Coal Hookah Cloud by Smokey Lust,"https://cdn.grofers.com/cdn-cgi/image/f=auto,fit=scale-down,q=70,metadata=none,w=90/assets/eta-icons/15-mins.png",False,True
Mini Ferro Series Hookah by Cocoyaya,3990,3990,DAIRY AND EGGS,1 pc,100,Mini,Mini Ferro Series Hookah by Cocoyaya,"https://cdn.grofers.com/cdn-cgi/image/f=auto,fit=scale-down,q=70,metadata=none,w=90/assets/eta-icons/15-mins.png",False,True
GO DESi Popz Tangy Imli Lollipop Candy,50,50,DAIRY AND EGGS,8 pcs,100,GO,GO DESi Popz Tangy Imli Lollipop Candy,"https://cdn.grofers.com/cdn-cgi/image/f=auto,fit=scale-down,q=70,metadata=none,w=90/assets/eta-icons/15-mins.png",False,True
Chandan Saunf Elaichi Mouth Freshener,45,45,DAIRY AND EGGS,100 g,100,Chandan,Chandan Saunf Elaichi Mouth Freshener,"https://cdn.grofers.com/cdn-cgi/image/f=auto,fit=scale-down,q=70,metadata=none,w=90/assets/eta-icons/15-mins.png",False,True
Chandan Mint Saunf Mouth Freshener,50,50,DAIRY AND EGGS,100 g,100,Chandan,Chandan Mint Saunf Mouth Freshener,"https://cdn.grofers.com/cdn-cgi/image/f=auto,fit=scale-down,q=70,metadata=none,w=90/assets/eta-icons/15-mins.png",False,True
Trident Spearmint Chewing Gum (Sugar Free),150,150,DAIRY AND EGGS,14 pcs,100,Trident,Trident Spearmint Chewing Gum (Sugar Free),"https://cdn.grofers.com/cdn-cgi/image/f=auto,fit=scale-down,q=70,metadata=none,w=90/assets/eta-icons/15-mins.png",False,True
Perfora Mouth Spray - Instant Fresh Breath (UM),159,159,DAIRY AND EGGS,10 ml,100,Perfora,Perfora Mouth Spray - Instant Fresh Breath (UM),"https://cdn.grofers.com/cdn-cgi/image/f=auto,fit=scale-down,q=70,metadata=none,w=90/assets/eta-icons/15-mins.png",False,True
On1y Imli Goli Candy,115,115,DAIRY AND EGGS,115 g,100,On1y,On1y Imli Goli Candy,"https://cdn.grofers.com/cdn-cgi/image/f=auto,fit=scale-down,q=70,metadata=none,w=90/assets/eta-icons/15-mins.png",False,True
Chandan PK's Paan Mouth Freshener,50,50,DAIRY AND EGGS,110 g,100,Chandan,Chandan PK's Paan Mouth Freshener,"https://cdn.grofers.com/cdn-cgi/image/f=auto,fit=scale-down,q=70,metadata=none,w=90/assets/eta-icons/15-mins.png",False,True
Impact Sugar Free Mint Mint Candies (Strawberry),150,150,DAIRY AND EGGS,14 g,100,Impact,Impact Sugar Free Mint Mint Candies (Strawberry),"https://cdn.grofers.com/cdn-cgi/image/f=auto,fit=scale-down,q=70,metadata=none,w=90/assets/eta-icons/15-mins.png",False,True
Chandan Star 5 in 1 Mouth Freshener,169,169,DAIRY AND EGGS,200 g,100,Chandan,Chandan Star 5 in 1 Mouth Freshener,"https://cdn.grofers.com/cdn-cgi/image/f=auto,fit=scale-down,q=70,metadata=none,w=90/assets/eta-icons/15-mins.png",False,True
Impact Cola Mint Mint Candies - Sugar Free,150,150,DAIRY AND EGGS,14 g,100,Impact,Impact Cola Mint Mint Candies - Sugar Free,"https://cdn.grofers.com/cdn-cgi/image/f=auto,fit=scale-down,q=70,metadata=none,w=90/assets/eta-icons/15-mins.png",False,True
Impact Sugar Free Mint Mint Candies (Ice Mints),150,150,DAIRY AND EGGS,14 g,100,Impact,Impact Sugar Free Mint Mint Candies (Ice Mints),"https://cdn.grofers.com/cdn-cgi/image/f=auto,fit=scale-down,q=70,metadata=none,w=90/assets/eta-icons/15-mins.png",False,True
Trident Watermelon Twist Chewing Gum (Sugar Free),150,150,DAIRY AND EGGS,26.6 g,100,Trident,Trident Watermelon Twist Chewing Gum (Sugar Free),"https://cdn.grofers.com/cdn-cgi/image/f=auto,fit=scale-down,q=70,metadata=none,w=90/assets/eta-icons/15-mins.png",False,True
Chandan Anardana Punch Anardana Goli,126,126,DAIRY AND EGGS,170 g,100,Chandan,Chandan Anardana Punch Anardana Goli,"https://cdn.grofers.com/cdn-cgi/image/f=auto,fit=scale-down,q=70,metadata=none,w=90/assets/eta-icons/15-mins.png",False,True
Chandan Calcutta Mitha Paan Mouth Freshener,181,181,DAIRY AND EGGS,90 g,100,Chandan,Chandan Calcutta Mitha Paan Mouth Freshener,"https://cdn.grofers.com/cdn-cgi/image/f=auto,fit=scale-down,q=70,metadata=none,w=90/assets/eta-icons/15-mins.png",False,True
Chandan Special Masala Mouth Freshener,60,60,DAIRY AND EGGS,100 g,100,Chandan,Chandan Special Masala Mouth Freshener,"https://cdn.grofers.com/cdn-cgi/image/f=auto,fit=scale-down,q=70,metadata=none,w=90/assets/eta-icons/15-mins.png",False,True
Cold Drinks & Juices,10,10,DAIRY AND EGGS,see all,100,Cold,Cold Drinks & Juices,"https://cdn.grofers.com/cdn-cgi/image/f=auto,fit=scale-down,q=70,metadata=none,w=90/assets/eta-icons/15-mins.png",False,True
Amul Probiotic Tadka Salted Buttermilk,10,10,DAIRY AND EGGS,270 ml,100,Amul,Amul Probiotic Tadka Salted Buttermilk,"https://cdn.grofers.com/cdn-cgi/image/f=auto,fit=scale-down,q=70,metadata=none,w=90/assets/eta-icons/15-mins.png",False,True
Thums Up Soft Drink,39,39,DAIRY AND EGGS,750 ml,100,Thums,Thums Up Soft Drink,"https://cdn.grofers.com/cdn-cgi/image/f=auto,fit=scale-down,q=70,metadata=none,w=90/assets/eta-icons/15-mins.png",False,True
Coca-Cola Diet Coke Diets & Lights,50,50,DAIRY AND EGGS,330 ml,100,Coca-Cola,Coca-Cola Diet Coke Diets & Lights,"https://cdn.grofers.com/cdn-cgi/image/f=auto,fit=scale-down,q=70,metadata=none,w=90/assets/eta-icons/15-mins.png",False,True
Sprite Lime Flavored Soft Drink,39,39,DAIRY AND EGGS,750 ml,100,Sprite,Sprite Lime Flavored Soft Drink,"https://cdn.grofers.com/cdn-cgi/image/f=auto,fit=scale-down,q=70,metadata=none,w=90/assets/eta-icons/15-mins.png",False,True
Thums Up Cola Soft Drink (2.25 l),96,96,DAIRY AND EGGS,2.25 ltr,100,Thums,Thums Up Cola Soft Drink (2.25 l),"https://cdn.grofers.com/cdn-cgi/image/f=auto,fit=scale-down,q=70,metadata=none,w=90/assets/eta-icons/15-mins.png",False,True
Maaza Mango Drink 600 ml,35,35,DAIRY AND EGGS,600 ml,100,Maaza,Maaza Mango Drink 600 ml,"https://cdn.grofers.com/cdn-cgi/image/f=auto,fit=scale-down,q=70,metadata=none,w=90/assets/eta-icons/15-mins.png",False,True
Mother Dairy Probiotic Tadka Salted Buttermilk,10,10,DAIRY AND EGGS,270 ml,100,Mother,Mother Dairy Probiotic Tadka Salted Buttermilk,"https://cdn.grofers.com/cdn-cgi/image/f=auto,fit=scale-down,q=70,metadata=none,w=90/assets/eta-icons/15-mins.png",False,True
Ice Cubes by Icelings,75,75,DAIRY AND EGGS,1 kg,100,Ice,Ice Cubes by Icelings,"https://cdn.grofers.com/cdn-cgi/image/f=auto,fit=scale-down,q=70,metadata=none,w=90/assets/eta-icons/15-mins.png",False,True
Amul Masti Spiced Salted Buttermilk,15,15,DAIRY AND EGGS,200 ml,100,Amul,Amul Masti Spiced Salted Buttermilk,"https://cdn.grofers.com/cdn-cgi/image/f=auto,fit=scale-down,q=70,metadata=none,w=90/assets/eta-icons/15-mins.png",False,True
Bisleri Packaged Water,75,75,DAIRY AND EGGS,5 ltr,100,Bisleri,Bisleri Packaged Water,"https://cdn.grofers.com/cdn-cgi/image/f=auto,fit=scale-down,q=70,metadata=none,w=90/assets/eta-icons/15-mins.png",False,True
Duke's Club Soda Water,20,20,DAIRY AND EGGS,750 ml,100,Duke's,Duke's Club Soda Water,"https://cdn.grofers.com/cdn-cgi/image/f=auto,fit=scale-down,q=70,metadata=none,w=90/assets/eta-icons/15-mins.png",False,True
Sprite Lime Soft Drink (2.25 l),96,96,DAIRY AND EGGS,2.25 ltr,100,Sprite,Sprite Lime Soft Drink (2.25 l),"https://cdn.grofers.com/cdn-cgi/image/f=auto,fit=scale-down,q=70,metadata=none,w=90/assets/eta-icons/15-mins.png",False,True
Monster Zero Sugar Ultra Energy Drink,112,112,DAIRY AND EGGS,350 ml,100,Monster,Monster Zero Sugar Ultra Energy Drink,"https://cdn.grofers.com/cdn-cgi/image/f=auto,fit=scale-down,q=70,metadata=none,w=90/assets/eta-icons/15-mins.png",False,True
Amul Probiotic Buttermilk,20,20,DAIRY AND EGGS,500 ml,100,Amul,Amul Probiotic Buttermilk,"https://cdn.grofers.com/cdn-cgi/image/f=auto,fit=scale-down,q=70,metadata=none,w=90/assets/eta-icons/15-mins.png",False,True
Amul Masti Spiced Salted Buttermilk,70,70,DAIRY AND EGGS,1 ltr,100,Amul,Amul Masti Spiced Salted Buttermilk,"https://cdn.grofers.com/cdn-cgi/image/f=auto,fit=scale-down,q=70,metadata=none,w=90/assets/eta-icons/15-mins.png",False,True
Candies & Gums,34,34,DAIRY AND EGGS,see all,100,Candies,Candies & Gums,"https://cdn.grofers.com/cdn-cgi/image/f=auto,fit=scale-down,q=70,metadata=none,w=90/assets/eta-icons/15-mins.png",False,True
Chupa Chups Sour Bites Mixed Fruit Sour Candy,34,34,DAIRY AND EGGS,61.6 g,100,Chupa,Chupa Chups Sour Bites Mixed Fruit Sour Candy,"https://cdn.grofers.com/cdn-cgi/image/f=auto,fit=scale-down,q=70,metadata=none,w=90/assets/eta-icons/15-mins.png",False,True
Happydent White Spearmint Sugar Free Chewing Gum,48,48,DAIRY AND EGGS,24.2 g,100,Happydent,Happydent White Spearmint Sugar Free Chewing Gum,"https://cdn.grofers.com/cdn-cgi/image/f=auto,fit=scale-down,q=70,metadata=none,w=90/assets/eta-icons/15-mins.png",False,True
Parle Poppins Candy,25,25,DAIRY AND EGGS,100 g,100,Parle,Parle Poppins Candy,"https://cdn.grofers.com/cdn-cgi/image/f=auto,fit=scale-down,q=70,metadata=none,w=90/assets/eta-icons/15-mins.png",False,True
Nestle Polo Mint Candies,45,45,DAIRY AND EGGS,50 pcs,100,Nestle,Nestle Polo Mint Candies,"https://cdn.grofers.com/cdn-cgi/image/f=auto,fit=scale-down,q=70,metadata=none,w=90/assets/eta-icons/15-mins.png",False,True
Skippi Natural Flavour Ice Pops,143,143,DAIRY AND EGGS,444 ml,100,Skippi,Skippi Natural Flavour Ice Pops,"https://cdn.grofers.com/cdn-cgi/image/f=auto,fit=scale-down,q=70,metadata=none,w=90/assets/eta-icons/15-mins.png",False,True
Skippi Natural Multi Flavour Ice Pops,247,247,DAIRY AND EGGS,12 x 70 ml,100,Skippi,Skippi Natural Multi Flavour Ice Pops,"https://cdn.grofers.com/cdn-cgi/image/f=auto,fit=scale-down,q=70,metadata=none,w=90/assets/eta-icons/15-mins.png",False,True
Parle Melody Bigger Chocolaty Toffee,50,50,DAIRY AND EGGS,138 g,100,Parle,Parle Melody Bigger Chocolaty Toffee,"https://cdn.grofers.com/cdn-cgi/image/f=auto,fit=scale-down,q=70,metadata=none,w=90/assets/eta-icons/15-mins.png",False,True
Happydent Wave Sugarfree Mint Chewing Gum 18 Pcs,48,48,DAIRY AND EGGS,30.6 g,100,Happydent,Happydent Wave Sugarfree Mint Chewing Gum 18 Pcs,"https://cdn.grofers.com/cdn-cgi/image/f=auto,fit=scale-down,q=70,metadata=none,w=90/assets/eta-icons/15-mins.png",False,True
Pulse Kachcha Aam / Mango Candy,57,57,DAIRY AND EGGS,202.5 g,100,Pulse,Pulse Kachcha Aam / Mango Candy,"https://cdn.grofers.com/cdn-cgi/image/f=auto,fit=scale-down,q=70,metadata=none,w=90/assets/eta-icons/15-mins.png",False,True
Cadbury Choclairs Gold Eclair,50,50,DAIRY AND EGGS,140 g,100,Cadbury,Cadbury Choclairs Gold Eclair,"https://cdn.grofers.com/cdn-cgi/image/f=auto,fit=scale-down,q=70,metadata=none,w=90/assets/eta-icons/15-mins.png",False,True
Skippi Natural Flavoured Ice Pops,143,143,DAIRY AND EGGS,444 ml,100,Skippi,Skippi Natural Flavoured Ice Pops,"https://cdn.grofers.com/cdn-cgi/image/f=auto,fit=scale-down,q=70,metadata=none,w=90/assets/eta-icons/15-mins.png",False,True
Parle Kismi Assorted Toffee,44,44,DAIRY AND EGGS,245.5 g,100,Parle,Parle Kismi Assorted Toffee,"https://cdn.grofers.com/cdn-cgi/image/f=auto,fit=scale-down,q=70,metadata=none,w=90/assets/eta-icons/15-mins.png",False,True
Chupa Chups Sour Belt Mixed Fruit Sour Candy,29,29,DAIRY AND EGGS,57.6 g,100,Chupa,Chupa Chups Sour Belt Mixed Fruit Sour Candy,"https://cdn.grofers.com/cdn-cgi/image/f=auto,fit=scale-down,q=70,metadata=none,w=90/assets/eta-icons/15-mins.png",False,True
Orbit Spearmint Flavour Sugar Free Chewing Gum,45,45,DAIRY AND EGGS,19.8 g,100,Orbit,Orbit Spearmint Flavour Sugar Free Chewing Gum,"https://cdn.grofers.com/cdn-cgi/image/f=auto,fit=scale-down,q=70,metadata=none,w=90/assets/eta-icons/15-mins.png",False,True
Cocon Mixed Fruit Flavour Jelly,100,100,DAIRY AND EGGS,20 pcs,100,Cocon,Cocon Mixed Fruit Flavour Jelly,"https://cdn.grofers.com/cdn-cgi/image/f=auto,fit=scale-down,q=70,metadata=none,w=90/assets/eta-icons/15-mins.png",False,True
Fresh Meat,205,205,MEAT AND SEA FOOD,Eggs,100,Fresh,Fresh Meat,"https://cdn.grofers.com/cdn-cgi/image/f=auto,fit=scale-down,q=70,metadata=none,w=90/app/images/category/cms_images/icon/1201_1679661889565.png",False,True
Licious Chicken Curry Cut (Small Pieces),205,205,MEAT AND SEA FOOD,450 g,100,Licious,Licious Chicken Curry Cut (Small Pieces),"https://cdn.grofers.com/cdn-cgi/image/f=auto,fit=scale-down,q=70,metadata=none,w=270/da/cms-assets/cms/product/448d07a2-1fb6-4997-b3bb-2daf981c68bd.png",False,True
Licious Chicken Breast - Boneless,355,355,MEAT AND SEA FOOD,400 g,100,Licious,Licious Chicken Breast - Boneless,"https://cdn.grofers.com/cdn-cgi/image/f=auto,fit=scale-down,q=70,metadata=none,w=270/da/cms-assets/cms/product/ed401770-12f2-45b4-8870-a22cf6409a31.png",False,True
Licious Chicken Curry Cut (Large - 7 to 11 Pcs),205,205,MEAT AND SEA FOOD,450 g,100,Licious,Licious Chicken Curry Cut (Large - 7 to 11 Pcs),"https://cdn.grofers.com/cdn-cgi/image/f=auto,fit=scale-down,q=70,metadata=none,w=270/da/cms-assets/cms/product/fe38d6b4-c558-43c4-9600-619547e57385.png",False,True
Japfa Best Chicken Curry Cut,105,105,MEAT AND SEA FOOD,450 g,100,Japfa,Japfa Best Chicken Curry Cut,"https://cdn.grofers.com/cdn-cgi/image/f=auto,fit=scale-down,q=70,metadata=none,w=270/da/cms-assets/cms/product/b2a5c93c-ae27-4ed5-8294-c42bbcebcd3e.png",False,True
Abis Pro Chicken Curry Cut,129,129,MEAT AND SEA FOOD,500 g,100,Abis,Abis Pro Chicken Curry Cut,"https://cdn.grofers.com/cdn-cgi/image/f=auto,fit=scale-down,q=70,metadata=none,w=270/da/cms-assets/cms/product/rc-upload-1779172331442-740.png",False,True
Godrej Real Good Chicken Breast (Boneless),235,235,MEAT AND SEA FOOD,400 g,100,Godrej,Godrej Real Good Chicken Breast (Boneless),"https://cdn.grofers.com/cdn-cgi/image/f=auto,fit=scale-down,q=70,metadata=none,w=270/da/cms-assets/cms/product/98666260-0a76-4653-8dc9-f25710334bb0.png",False,True
Godrej Real Good Chicken Curry Cut,159,159,MEAT AND SEA FOOD,450 g,100,Godrej,Godrej Real Good Chicken Curry Cut,"https://cdn.grofers.com/cdn-cgi/image/f=auto,fit=scale-down,q=70,metadata=none,w=270/da/cms-assets/cms/product/71888ceb-bf77-4b09-a0f4-a43fc0b79502.png",False,True
Godrej Real Good Chicken Drumstick,228,228,MEAT AND SEA FOOD,500 g,100,Godrej,Godrej Real Good Chicken Drumstick,"https://cdn.grofers.com/cdn-cgi/image/f=auto,fit=scale-down,q=70,metadata=none,w=270/da/cms-assets/cms/product/8279543f-8934-494b-aa53-59d8ab1324c4.png",False,True
Licious Mini Chicken Tikka Cut,199,199,MEAT AND SEA FOOD,250 g,100,Licious,Licious Mini Chicken Tikka Cut,"https://cdn.grofers.com/cdn-cgi/image/f=auto,fit=scale-down,q=70,metadata=none,w=270/da/cms-assets/cms/product/rc-upload-1775802700260-55.png",False,True
"Atta, Rice & Dal",330,330,RICE PASTA AND CANNED FOODS,Atta,100,"Atta,","Atta, Rice & Dal","https://cdn.grofers.com/cdn-cgi/image/f=auto,fit=scale-down,q=70,metadata=none,w=90/app/images/category/cms_images/icon/1165_1643445834987.png",False,True
Atta,330,330,RICE PASTA AND CANNED FOODS,Rice,100,Atta,Atta,"https://cdn.grofers.com/cdn-cgi/image/f=auto,fit=scale-down,q=70,metadata=none,w=90/app/images/category/cms_images/icon/1165_1643445834987.png",False,True
Aashirvaad High Fibre Atta with Multigrains - 5 kg,330,330,RICE PASTA AND CANNED FOODS,5 kg,100,Aashirvaad,Aashirvaad High Fibre Atta with Multigrains - 5 kg,"https://cdn.grofers.com/cdn-cgi/image/f=auto,fit=scale-down,q=70,metadata=none,w=270/da/cms-assets/cms/product/99c07f65-9c5b-4fc4-927b-7be3f2bea854.png",False,True
"Fortune Fresh (100% Atta, 0% Maida) Chakki Atta",212,212,RICE PASTA AND CANNED FOODS,5 kg,100,Fortune,"Fortune Fresh (100% Atta, 0% Maida) Chakki Atta","https://cdn.grofers.com/cdn-cgi/image/f=auto,fit=scale-down,q=70,metadata=none,w=270/da/cms-assets/cms/product/rc-upload-1769779424274-242.png",False,True
"Aashirvaad Superior MP Chakki Atta (100% Atta, 0% Maida)",274,274,RICE PASTA AND CANNED FOODS,5 kg,100,Aashirvaad,"Aashirvaad Superior MP Chakki Atta (100% Atta, 0% Maida)","https://cdn.grofers.com/cdn-cgi/image/f=auto,fit=scale-down,q=70,metadata=none,w=270/da/cms-assets/cms/product/d54667e8-c5df-4fa5-a685-b6dbfa1dd8e6.png",False,True
Silver Coin Traditional Chakki Atta,210,210,RICE PASTA AND CANNED FOODS,5 kg,100,Silver,Silver Coin Traditional Chakki Atta,"https://cdn.grofers.com/cdn-cgi/image/f=auto,fit=scale-down,q=70,metadata=none,w=270/da/cms-assets/cms/product/rc-upload-1778348720635-215.png",False,True
Silver Coin Traditional Fresh Chakki Atta,413,413,RICE PASTA AND CANNED FOODS,10 kg,100,Silver,Silver Coin Traditional Fresh Chakki Atta,"https://cdn.grofers.com/cdn-cgi/image/f=auto,fit=scale-down,q=70,metadata=none,w=270/da/cms-assets/cms/product/rc-upload-1778348720635-432.png",False,True
"Whole Farm Chakki Atta (100% Atta, 0% Maida)",358,358,RICE PASTA AND CANNED FOODS,10 kg,100,Whole,"Whole Farm Chakki Atta (100% Atta, 0% Maida)","https://cdn.grofers.com/cdn-cgi/image/f=auto,fit=scale-down,q=70,metadata=none,w=270/da/cms-assets/cms/product/5a934f90-7342-41d6-a084-b1cb5b2d751d.png",False,True
"Whole Farm Chakki Atta (100% Atta, 0% Maida)",80,80,RICE PASTA AND CANNED FOODS,2 kg,100,Whole,"Whole Farm Chakki Atta (100% Atta, 0% Maida)","https://cdn.grofers.com/cdn-cgi/image/f=auto,fit=scale-down,q=70,metadata=none,w=270/da/cms-assets/cms/product/3ad02d45-0cde-4394-9ab7-20d362df31b0.png",False,True
Fortune Fresh Chakki Atta (0% Maida),45,45,RICE PASTA AND CANNED FOODS,1 kg,100,Fortune,Fortune Fresh Chakki Atta (0% Maida),"https://cdn.grofers.com/cdn-cgi/image/f=auto,fit=scale-down,q=70,metadata=none,w=270/da/cms-assets/cms/product/rc-upload-1769779424274-262.png",False,True
Aashirvaad Superior MP Chakki Atta - l kg,67,67,RICE PASTA AND CANNED FOODS,1 kg,100,Aashirvaad,Aashirvaad Superior MP Chakki Atta - l kg,"https://cdn.grofers.com/cdn-cgi/image/f=auto,fit=scale-down,q=70,metadata=none,w=270/da/cms-assets/cms/product/f76cdc7d-828a-4036-b119-fdea66b9156b.png",False,True
"Fortune Fresh (100% Atta, 0% Maida) Chakki Atta",415,415,RICE PASTA AND CANNED FOODS,10 kg,100,Fortune,"Fortune Fresh (100% Atta, 0% Maida) Chakki Atta","https://cdn.grofers.com/cdn-cgi/image/f=auto,fit=scale-down,q=70,metadata=none,w=270/da/cms-assets/cms/product/rc-upload-1769779424274-252.png",False,True
"Aashirvaad Superior MP Chakki Atta (100% Atta, 0% Maida) (10 kg)",540,540,RICE PASTA AND CANNED FOODS,10 kg,100,Aashirvaad,"Aashirvaad Superior MP Chakki Atta (100% Atta, 0% Maida) (10 kg)","https://cdn.grofers.com/cdn-cgi/image/f=auto,fit=scale-down,q=70,metadata=none,w=270/da/cms-assets/cms/product/74371e5a-f158-4aaa-b02e-304b296ca182.png",False,True
Aashirvaad Select 100% MP Sharbati Atta,69,69,RICE PASTA AND CANNED FOODS,1 kg,100,Aashirvaad,Aashirvaad Select 100% MP Sharbati Atta,"https://cdn.grofers.com/cdn-cgi/image/f=auto,fit=scale-down,q=70,metadata=none,w=270/da/cms-assets/cms/product/rc-upload-1779248476545-227.png",False,True
"Aashirvaad Chakki MP Sehori Atta, Gahu Lot/ Gahu Peeth",279,279,RICE PASTA AND CANNED FOODS,5 kg,100,Aashirvaad,"Aashirvaad Chakki MP Sehori Atta, Gahu Lot/ Gahu Peeth",,False,True
"Pillsbury Fresh Superior-Quality Chakki Atta (100% atta, 0% Maida)",228,228,RICE PASTA AND CANNED FOODS,5 kg,100,Pillsbury,"Pillsbury Fresh Superior-Quality Chakki Atta (100% atta, 0% Maida)",,False,True
Gourmet Staples Protein Atta,650,650,RICE PASTA AND CANNED FOODS,900 g,100,Gourmet,Gourmet Staples Protein Atta,,False,True
Aashirvaad Premium Blend Chakki Lokwan Atta,61,61,RICE PASTA AND CANNED FOODS,1 kg,100,Aashirvaad,Aashirvaad Premium Blend Chakki Lokwan Atta,,False,True
Aashirvaad High Fibre Atta with Multigrains - 10 kg,637,637,RICE PASTA AND CANNED FOODS,10 kg,100,Aashirvaad,Aashirvaad High Fibre Atta with Multigrains - 10 kg,,False,True
Aashirvaad Organic Atta,70,70,RICE PASTA AND CANNED FOODS,1 kg,100,Aashirvaad,Aashirvaad Organic Atta,,False,True
Aashirvaad Organic Atta,309,309,RICE PASTA AND CANNED FOODS,5 kg,100,Aashirvaad,Aashirvaad Organic Atta,,False,True
Patanjali Traditional Whole Wheat Chakki Atta (with Bran),416,416,RICE PASTA AND CANNED FOODS,10 kg,100,Patanjali,Patanjali Traditional Whole Wheat Chakki Atta (with Bran),,False,True
"Pillsbury Fresh Chakki Atta (100% atta, 0% Maida)",64,64,RICE PASTA AND CANNED FOODS,1 kg,100,Pillsbury,"Pillsbury Fresh Chakki Atta (100% atta, 0% Maida)",,False,True
Patanjali Whole Wheat Chakki Atta (with Bran),250,250,RICE PASTA AND CANNED FOODS,5 kg,100,Patanjali,Patanjali Whole Wheat Chakki Atta (with Bran),,False,True
Fortune Premium MP Sharbati Atta,299,299,RICE PASTA AND CANNED FOODS,5 kg,100,Fortune,Fortune Premium MP Sharbati Atta,,False,True
Aashirvaad Chakki MP Sehori Atta,63,63,RICE PASTA AND CANNED FOODS,1 kg,100,Aashirvaad,Aashirvaad Chakki MP Sehori Atta,,False,True
Pillsbury High Fibre Multigrain Atta (1 kg),70,70,RICE PASTA AND CANNED FOODS,1 kg,100,Pillsbury,Pillsbury High Fibre Multigrain Atta (1 kg),,False,True
Samrat MP Chakki Atta,219,219,RICE PASTA AND CANNED FOODS,5 kg,100,Samrat,Samrat MP Chakki Atta,,False,True
Aashirvaad Superior MP Chakki Atta,118,118,RICE PASTA AND CANNED FOODS,2 kg,100,Aashirvaad,Aashirvaad Superior MP Chakki Atta,,False,True
Organic Tattva Multigrain Organic Atta,100,100,RICE PASTA AND CANNED FOODS,1 kg,100,Organic,Organic Tattva Multigrain Organic Atta,,False,True
Taste for Life Deshpande's M.P. Sihore Wheat Fine Premium Chapati Chakki Atta,98,98,RICE PASTA AND CANNED FOODS,1 kg,100,Taste,Taste for Life Deshpande's M.P. Sihore Wheat Fine Premium Chapati Chakki Atta,,False,True
Aashirvaad Chakki Premium MP Sehori Atta,82,82,RICE PASTA AND CANNED FOODS,1 kg,100,Aashirvaad,Aashirvaad Chakki Premium MP Sehori Atta,,False,True
Delivery in 21 minutes,30,30,SNACKS,"Nalasopara East, Nala Sopara, Vasai-Virar, Maharashtra, India",100,Delivery,Delivery in 21 minutes,"https://cdn.grofers.com/cdn-cgi/image/f=auto,fit=scale-down,q=70,metadata=none,w=2700/layout-engine/2026-01/Frame-1437256605-2-2.jpg",False,True
"Dairy, Bread & Eggs",30,30,SNACKS,see all,100,"Dairy,","Dairy, Bread & Eggs","https://cdn.grofers.com/cdn-cgi/image/f=auto,fit=scale-down,q=70,metadata=none,w=2700/layout-engine/2026-01/Frame-1437256605-2-2.jpg",False,True
Amul Taaza Toned Milk,30,30,SNACKS,500 ml,100,Amul,Amul Taaza Toned Milk,"https://cdn.grofers.com/cdn-cgi/image/f=auto,fit=scale-down,q=70,metadata=none,w=90/assets/eta-icons/15-mins.png",False,True
Amul Gold Full Cream Milk,36,36,SNACKS,500 ml,100,Amul,Amul Gold Full Cream Milk,"https://cdn.grofers.com/cdn-cgi/image/f=auto,fit=scale-down,q=70,metadata=none,w=90/assets/eta-icons/15-mins.png",False,True
Amul Cow Milk,30,30,SNACKS,500 ml,100,Amul,Amul Cow Milk,"https://cdn.grofers.com/cdn-cgi/image/f=auto,fit=scale-down,q=70,metadata=none,w=90/assets/eta-icons/15-mins.png",False,True
Amul Salted Butter,63,63,SNACKS,100 g,100,Amul,Amul Salted Butter,"https://cdn.grofers.com/cdn-cgi/image/f=auto,fit=scale-down,q=70,metadata=none,w=90/assets/eta-icons/15-mins.png",False,True
Amul Masti Cup Curd,25,25,SNACKS,200 g,100,Amul,Amul Masti Cup Curd,"https://cdn.grofers.com/cdn-cgi/image/f=auto,fit=scale-down,q=70,metadata=none,w=90/assets/eta-icons/15-mins.png",False,True
Britannia Vitarich Sandwich White Bread,40,40,SNACKS,350 g,100,Britannia,Britannia Vitarich Sandwich White Bread,"https://cdn.grofers.com/cdn-cgi/image/f=auto,fit=scale-down,q=70,metadata=none,w=90/assets/eta-icons/15-mins.png",False,True
Gokul Full Cream Milk,38,38,SNACKS,500 ml,100,Gokul,Gokul Full Cream Milk,"https://cdn.grofers.com/cdn-cgi/image/f=auto,fit=scale-down,q=70,metadata=none,w=90/assets/eta-icons/15-mins.png",False,True
Yojana Poultry Power White Eggs - 6 pcs,58,58,SNACKS,6 pcs,100,Yojana,Yojana Poultry Power White Eggs - 6 pcs,"https://cdn.grofers.com/cdn-cgi/image/f=auto,fit=scale-down,q=70,metadata=none,w=90/assets/eta-icons/15-mins.png",False,True
Amul Masti Cup Cup Curd,50,50,SNACKS,400 g,100,Amul,Amul Masti Cup Cup Curd,"https://cdn.grofers.com/cdn-cgi/image/f=auto,fit=scale-down,q=70,metadata=none,w=90/assets/eta-icons/15-mins.png",False,True
Amul Masti Pouch Curd,85,85,SNACKS,1 kg,100,Amul,Amul Masti Pouch Curd,"https://cdn.grofers.com/cdn-cgi/image/f=auto,fit=scale-down,q=70,metadata=none,w=90/assets/eta-icons/15-mins.png",False,True
Gokul Full Cream Milk,76,76,SNACKS,1 ltr,100,Gokul,Gokul Full Cream Milk,"https://cdn.grofers.com/cdn-cgi/image/f=auto,fit=scale-down,q=70,metadata=none,w=90/assets/eta-icons/15-mins.png",False,True
Modern White Bread,45,45,SNACKS,400 g,100,Modern,Modern White Bread,"https://cdn.grofers.com/cdn-cgi/image/f=auto,fit=scale-down,q=70,metadata=none,w=90/assets/eta-icons/15-mins.png",False,True
Amul Buffalo A2 Milk,39,39,SNACKS,500 ml,100,Amul,Amul Buffalo A2 Milk,"https://cdn.grofers.com/cdn-cgi/image/f=auto,fit=scale-down,q=70,metadata=none,w=90/assets/eta-icons/15-mins.png",False,True
Amul Taaza Homogenised Toned Milk,77,77,SNACKS,1 ltr,100,Amul,Amul Taaza Homogenised Toned Milk,"https://cdn.grofers.com/cdn-cgi/image/f=auto,fit=scale-down,q=70,metadata=none,w=90/assets/eta-icons/15-mins.png",False,True
Amul Pouch Curd,50,50,SNACKS,700 g,100,Amul,Amul Pouch Curd,"https://cdn.grofers.com/cdn-cgi/image/f=auto,fit=scale-down,q=70,metadata=none,w=90/assets/eta-icons/15-mins.png",False,True
Perfect Rolled Cones (Natural) - Bongchie,45,45,SNACKS,3 pcs,100,Perfect,Perfect Rolled Cones (Natural) - Bongchie,"https://cdn.grofers.com/cdn-cgi/image/f=auto,fit=scale-down,q=70,metadata=none,w=270/da/cms-assets/cms/product/rc-upload-1774357330113-155.png",False,True
Booklet of 32 Brown Leaves and Tips Rolling Paper - Original Gangster,90,90,SNACKS,1 pc,100,Booklet,Booklet of 32 Brown Leaves and Tips Rolling Paper - Original Gangster,"https://cdn.grofers.com/cdn-cgi/image/f=auto,fit=scale-down,q=70,metadata=none,w=270/da/cms-assets/cms/product/56e947f0-15be-4978-99b6-acf98ece3052.png",False,True
"Ultimate Rolling Paper with Filter Tips & Crushing Tray (King Size, Unbleached) - Mozo",90,90,SNACKS,32 pcs,100,Ultimate,"Ultimate Rolling Paper with Filter Tips & Crushing Tray (King Size, Unbleached) - Mozo","https://cdn.grofers.com/cdn-cgi/image/f=auto,fit=scale-down,q=70,metadata=none,w=270/da/cms-assets/cms/product/0f8ebd88-7b67-4542-bda1-87f8182d767d.png",False,True
Super Slim Brown Rolling Paper - Stash Pro,55,55,SNACKS,32 pcs,100,Super,Super Slim Brown Rolling Paper - Stash Pro,"https://cdn.grofers.com/cdn-cgi/image/f=auto,fit=scale-down,q=70,metadata=none,w=270/da/cms-assets/cms/product/90c1209b-2ee3-4699-b4d3-44021588e077.png",False,True
Thins Pre-Rolled Rolling Paper - LIT,25,25,SNACKS,1 pack,100,Thins,Thins Pre-Rolled Rolling Paper - LIT,"https://cdn.grofers.com/cdn-cgi/image/f=auto,fit=scale-down,q=70,metadata=none,w=270/da/cms-assets/cms/product/8d385b40-e78b-434a-962d-50ba667891bf.png",False,True
White Thin Rolling Paper (King Size) - Elements,80,80,SNACKS,32 pcs,100,White,White Thin Rolling Paper (King Size) - Elements,"https://cdn.grofers.com/cdn-cgi/image/f=auto,fit=scale-down,q=70,metadata=none,w=270/da/cms-assets/cms/product/da8efd23-1b25-4c5a-a1bd-1d2dcd16243b.png",False,True
Perforated Wide Tips Roach - Raw,50,50,SNACKS,50 pcs,100,Perforated,Perforated Wide Tips Roach - Raw,"https://cdn.grofers.com/cdn-cgi/image/f=auto,fit=scale-down,q=70,metadata=none,w=270/da/cms-assets/cms/product/f53cbbd4-0a1f-4878-9de9-600f9549d725.png",False,True
Black Slim Rolling Paper (King Size) - Raw,100,100,SNACKS,32 pcs,100,Black,Black Slim Rolling Paper (King Size) - Raw,"https://cdn.grofers.com/cdn-cgi/image/f=auto,fit=scale-down,q=70,metadata=none,w=90/assets/eta-icons/15-mins.png",False,True
Brown Ripper Rolling Paper 32 Leaves + 32 Roaches - Stash Pro,120,120,SNACKS,32 pcs,100,Brown,Brown Ripper Rolling Paper 32 Leaves + 32 Roaches - Stash Pro,"https://cdn.grofers.com/cdn-cgi/image/f=auto,fit=scale-down,q=70,metadata=none,w=90/assets/eta-icons/15-mins.png",False,True
Perfect Ultra Thin Pre Rolled Cones - Bongchie,90,90,SNACKS,6 pcs,100,Perfect,Perfect Ultra Thin Pre Rolled Cones - Bongchie,"https://cdn.grofers.com/cdn-cgi/image/f=auto,fit=scale-down,q=70,metadata=none,w=90/assets/eta-icons/15-mins.png",False,True
"Ultimate Rolling Paper with Filter Tips & Crushing Tray (King Size, Bleached) - Mozo",80,80,SNACKS,32 pcs,100,Ultimate,"Ultimate Rolling Paper with Filter Tips & Crushing Tray (King Size, Bleached) - Mozo","https://cdn.grofers.com/cdn-cgi/image/f=auto,fit=scale-down,q=70,metadata=none,w=90/assets/eta-icons/15-mins.png",False,True
Classic Filter Tips & Rolling Paper (King Size) - Raw,150,150,SNACKS,32 pcs,100,Classic,Classic Filter Tips & Rolling Paper (King Size) - Raw,"https://cdn.grofers.com/cdn-cgi/image/f=auto,fit=scale-down,q=70,metadata=none,w=90/assets/eta-icons/15-mins.png",False,True
Metallic Herb Grinder/ Crusher - Outontrip,250,250,SNACKS,1 pc,100,Metallic,Metallic Herb Grinder/ Crusher - Outontrip,"https://cdn.grofers.com/cdn-cgi/image/f=auto,fit=scale-down,q=70,metadata=none,w=90/assets/eta-icons/15-mins.png",False,True
White Ripper Tipper Rolling Paper with Roaches - Stash Pro,100,100,SNACKS,32 pcs,100,White,White Ripper Tipper Rolling Paper with Roaches - Stash Pro,"https://cdn.grofers.com/cdn-cgi/image/f=auto,fit=scale-down,q=70,metadata=none,w=90/assets/eta-icons/15-mins.png",False,True
White Rolling Paper Tips - Elements,50,50,SNACKS,50 pcs,100,White,White Rolling Paper Tips - Elements,"https://cdn.grofers.com/cdn-cgi/image/f=auto,fit=scale-down,q=70,metadata=none,w=90/assets/eta-icons/15-mins.png",False,True
Protein Chef Baked Coated Peanuts (Masala Roasted Healthy Snacks),69,69,SNACKS,50 g,100,Protein,Protein Chef Baked Coated Peanuts (Masala Roasted Healthy Snacks),"https://cdn.grofers.com/cdn-cgi/image/f=auto,fit=scale-down,q=70,metadata=none,w=270/da/cms-assets/cms/product/rc-upload-1779421790948-2501.png",False,True
Protein Chef Sprouted Flour Bhujia (No Palm Oil),99,99,SNACKS,80 g,100,Protein,Protein Chef Sprouted Flour Bhujia (No Palm Oil),"https://cdn.grofers.com/cdn-cgi/image/f=auto,fit=scale-down,q=70,metadata=none,w=270/da/cms-assets/cms/product/rc-upload-1778041512384-134.png",False,True
Beanly Choco Hazelnut Spread with Breadsticks,99,99,SNACKS,52 g,100,Beanly,Beanly Choco Hazelnut Spread with Breadsticks,"https://cdn.grofers.com/cdn-cgi/image/f=auto,fit=scale-down,q=70,metadata=none,w=270/da/cms-assets/cms/product/2a55bb8b-bf09-454b-9233-cc00404c6a5c.png",False,True
Red Rock Deli Baked Chips (Greek Salad) 40% Less Fat Snacks,51,51,SNACKS,53 g,100,Red,Red Rock Deli Baked Chips (Greek Salad) 40% Less Fat Snacks,"https://cdn.grofers.com/cdn-cgi/image/f=auto,fit=scale-down,q=70,metadata=none,w=270/da/cms-assets/cms/product/rc-upload-1776829632782-894.png",False,True
Takis Fuego Rolled Tortilla Chips,159,159,SNACKS,28.4 g,100,Takis,Takis Fuego Rolled Tortilla Chips,"https://cdn.grofers.com/cdn-cgi/image/f=auto,fit=scale-down,q=70,metadata=none,w=270/da/cms-assets/cms/product/a1d36f9f-631d-4ce7-9560-842d9979c450.png",False,True
Moi Soi Brown Rice Paper,109,109,SNACKS,100 g,100,Moi,Moi Soi Brown Rice Paper,"https://cdn.grofers.com/cdn-cgi/image/f=auto,fit=scale-down,q=70,metadata=none,w=270/da/cms-assets/cms/product/rc-upload-1776251241311-512.png",False,True
Cheetos Flamin Hot Crunchy Crisps,199,199,SNACKS,35.4 g,100,Cheetos,Cheetos Flamin Hot Crunchy Crisps,"https://cdn.grofers.com/cdn-cgi/image/f=auto,fit=scale-down,q=70,metadata=none,w=270/da/cms-assets/cms/product/9c894d05-cbb2-44f9-9565-30c37f3ba8db.png",False,True
Crax Truffle Fries (Black Truffle & Parmesan Cheese),45,45,SNACKS,55 g,100,Crax,Crax Truffle Fries (Black Truffle & Parmesan Cheese),"https://cdn.grofers.com/cdn-cgi/image/f=auto,fit=scale-down,q=70,metadata=none,w=90/assets/eta-icons/15-mins.png",False,True
Kettle Studio Sharp Jalapenos & Cream Cheese Potato Chips,47,47,SNACKS,60 g,100,Kettle,Kettle Studio Sharp Jalapenos & Cream Cheese Potato Chips,"https://cdn.grofers.com/cdn-cgi/image/f=auto,fit=scale-down,q=70,metadata=none,w=90/assets/eta-icons/15-mins.png",False,True
Too Yumm Cheese Balls Puffs (No Palm Oil),29,29,SNACKS,40 g,100,Too,Too Yumm Cheese Balls Puffs (No Palm Oil),"https://cdn.grofers.com/cdn-cgi/image/f=auto,fit=scale-down,q=70,metadata=none,w=90/assets/eta-icons/15-mins.png",False,True
Protein Chef Himalayan Pink Salted Peanuts (Healthy & Roasted),59,59,SNACKS,100 g,100,Protein,Protein Chef Himalayan Pink Salted Peanuts (Healthy & Roasted),"https://cdn.grofers.com/cdn-cgi/image/f=auto,fit=scale-down,q=70,metadata=none,w=90/assets/eta-icons/15-mins.png",False,True
Kettle Studio Himalayan Pink Salt Potato Chips,47,47,SNACKS,60 g,100,Kettle,Kettle Studio Himalayan Pink Salt Potato Chips,"https://cdn.grofers.com/cdn-cgi/image/f=auto,fit=scale-down,q=70,metadata=none,w=90/assets/eta-icons/15-mins.png",False,True
Kettle Studio Rock Sea Salt & English Vinegar Potato Chips,99,99,SNACKS,113 g,100,Kettle,Kettle Studio Rock Sea Salt & English Vinegar Potato Chips,"https://cdn.grofers.com/cdn-cgi/image/f=auto,fit=scale-down,q=70,metadata=none,w=90/assets/eta-icons/15-mins.png",False,True
Kab's Jackpot Fire Balls Snack,49,49,SNACKS,60 g,100,Kab's,Kab's Jackpot Fire Balls Snack,"https://cdn.grofers.com/cdn-cgi/image/f=auto,fit=scale-down,q=70,metadata=none,w=90/assets/eta-icons/15-mins.png",False,True
Kettle Studio Air Fried Lime & Chilli Potato Chips,99,99,SNACKS,85 g,100,Kettle,Kettle Studio Air Fried Lime & Chilli Potato Chips,"https://cdn.grofers.com/cdn-cgi/image/f=auto,fit=scale-down,q=70,metadata=none,w=90/assets/eta-icons/15-mins.png",False,True
Hookah,100,100,SNACKS,see all,100,Hookah,Hookah,"https://cdn.grofers.com/cdn-cgi/image/f=auto,fit=scale-down,q=70,metadata=none,w=90/assets/eta-icons/15-mins.png",False,True
Chief Commissioner Herbal Hookah Flavor (Tobacco Free) by Soex,100,100,SNACKS,50 g,100,Chief,Chief Commissioner Herbal Hookah Flavor (Tobacco Free) by Soex,"https://cdn.grofers.com/cdn-cgi/image/f=auto,fit=scale-down,q=70,metadata=none,w=90/assets/eta-icons/15-mins.png",False,True
Coconut Hookah Coal by Bongchie,125,125,SNACKS,250 g,100,Coconut,Coconut Hookah Coal by Bongchie,"https://cdn.grofers.com/cdn-cgi/image/f=auto,fit=scale-down,q=70,metadata=none,w=90/assets/eta-icons/15-mins.png",False,True
Premium Magic Coal By Stash Pro,80,80,SNACKS,10 pcs,100,Premium,Premium Magic Coal By Stash Pro,"https://cdn.grofers.com/cdn-cgi/image/f=auto,fit=scale-down,q=70,metadata=none,w=90/assets/eta-icons/15-mins.png",False,True
Instant Ignite Magic Coal by Bongchie,80,80,SNACKS,10 pcs,100,Instant,Instant Ignite Magic Coal by Bongchie,"https://cdn.grofers.com/cdn-cgi/image/f=auto,fit=scale-down,q=70,metadata=none,w=90/assets/eta-icons/15-mins.png",False,True
Natural Coconut Hookah Charcoal Coal By Irfaz,130,130,SNACKS,30 pcs,100,Natural,Natural Coconut Hookah Charcoal Coal By Irfaz,"https://cdn.grofers.com/cdn-cgi/image/f=auto,fit=scale-down,q=70,metadata=none,w=90/assets/eta-icons/15-mins.png",False,True
Coconut Hookah Coal Cubes by Stash Pro,180,180,SNACKS,250 g,100,Coconut,Coconut Hookah Coal Cubes by Stash Pro,"https://cdn.grofers.com/cdn-cgi/image/f=auto,fit=scale-down,q=70,metadata=none,w=90/assets/eta-icons/15-mins.png",False,True
Flat Coconut Hookah Coal Cubes by Stash Pro,180,180,SNACKS,250 g,100,Flat,Flat Coconut Hookah Coal Cubes by Stash Pro,"https://cdn.grofers.com/cdn-cgi/image/f=auto,fit=scale-down,q=70,metadata=none,w=90/assets/eta-icons/15-mins.png",False,True
Mouthpiece Hookah Pipe by Cocoyaya,150,150,SNACKS,40 pcs,100,Mouthpiece,Mouthpiece Hookah Pipe by Cocoyaya,"https://cdn.grofers.com/cdn-cgi/image/f=auto,fit=scale-down,q=70,metadata=none,w=90/assets/eta-icons/15-mins.png",False,True
Premium Hookah Charcoal Polo Magic Coal by Irfaz,79,79,SNACKS,10 tabs,100,Premium,Premium Hookah Charcoal Polo Magic Coal by Irfaz,"https://cdn.grofers.com/cdn-cgi/image/f=auto,fit=scale-down,q=70,metadata=none,w=90/assets/eta-icons/15-mins.png",False,True
Premuim Instant Ignite Magic Coal by Quick Click Goods,139,139,SNACKS,2 packs,100,Premuim,Premuim Instant Ignite Magic Coal by Quick Click Goods,"https://cdn.grofers.com/cdn-cgi/image/f=auto,fit=scale-down,q=70,metadata=none,w=90/assets/eta-icons/15-mins.png",False,True
Hot Plate Heater Electric Coil Burner 500W by Cocoyaya,690,690,SNACKS,1 pc,100,Hot,Hot Plate Heater Electric Coil Burner 500W by Cocoyaya,"https://cdn.grofers.com/cdn-cgi/image/f=auto,fit=scale-down,q=70,metadata=none,w=90/assets/eta-icons/15-mins.png",False,True
Electric Charcoal Starter Hookah by Sheesha's Crown,699,699,SNACKS,1 pc,100,Electric,Electric Charcoal Starter Hookah by Sheesha's Crown,"https://cdn.grofers.com/cdn-cgi/image/f=auto,fit=scale-down,q=70,metadata=none,w=90/assets/eta-icons/15-mins.png",False,True
Premium Silver Hookah Foil by Rhythm Imports,100,100,SNACKS,30 pcs,100,Premium,Premium Silver Hookah Foil by Rhythm Imports,"https://cdn.grofers.com/cdn-cgi/image/f=auto,fit=scale-down,q=70,metadata=none,w=90/assets/eta-icons/15-mins.png",False,True
Metal Coal Hookah Cloud by Smokey Lust,350,350,SNACKS,1 pc,100,Metal,Metal Coal Hookah Cloud by Smokey Lust,"https://cdn.grofers.com/cdn-cgi/image/f=auto,fit=scale-down,q=70,metadata=none,w=90/assets/eta-icons/15-mins.png",False,True
Mini Ferro Series Hookah by Cocoyaya,3990,3990,SNACKS,1 pc,100,Mini,Mini Ferro Series Hookah by Cocoyaya,"https://cdn.grofers.com/cdn-cgi/image/f=auto,fit=scale-down,q=70,metadata=none,w=90/assets/eta-icons/15-mins.png",False,True
Mouth fresheners,50,50,SNACKS,see all,100,Mouth,Mouth fresheners,"https://cdn.grofers.com/cdn-cgi/image/f=auto,fit=scale-down,q=70,metadata=none,w=90/assets/eta-icons/15-mins.png",False,True
GO DESi Popz Tangy Imli Lollipop Candy,50,50,SNACKS,8 pcs,100,GO,GO DESi Popz Tangy Imli Lollipop Candy,"https://cdn.grofers.com/cdn-cgi/image/f=auto,fit=scale-down,q=70,metadata=none,w=90/assets/eta-icons/15-mins.png",False,True
Chandan Saunf Elaichi Mouth Freshener,45,45,SNACKS,100 g,100,Chandan,Chandan Saunf Elaichi Mouth Freshener,"https://cdn.grofers.com/cdn-cgi/image/f=auto,fit=scale-down,q=70,metadata=none,w=90/assets/eta-icons/15-mins.png",False,True
Chandan Mint Saunf Mouth Freshener,50,50,SNACKS,100 g,100,Chandan,Chandan Mint Saunf Mouth Freshener,"https://cdn.grofers.com/cdn-cgi/image/f=auto,fit=scale-down,q=70,metadata=none,w=90/assets/eta-icons/15-mins.png",False,True
Trident Spearmint Chewing Gum (Sugar Free),150,150,SNACKS,14 pcs,100,Trident,Trident Spearmint Chewing Gum (Sugar Free),"https://cdn.grofers.com/cdn-cgi/image/f=auto,fit=scale-down,q=70,metadata=none,w=90/assets/eta-icons/15-mins.png",False,True
Perfora Mouth Spray - Instant Fresh Breath (UM),159,159,SNACKS,10 ml,100,Perfora,Perfora Mouth Spray - Instant Fresh Breath (UM),"https://cdn.grofers.com/cdn-cgi/image/f=auto,fit=scale-down,q=70,metadata=none,w=90/assets/eta-icons/15-mins.png",False,True
On1y Imli Goli Candy,115,115,SNACKS,115 g,100,On1y,On1y Imli Goli Candy,"https://cdn.grofers.com/cdn-cgi/image/f=auto,fit=scale-down,q=70,metadata=none,w=90/assets/eta-icons/15-mins.png",False,True
Chandan PK's Paan Mouth Freshener,50,50,SNACKS,110 g,100,Chandan,Chandan PK's Paan Mouth Freshener,"https://cdn.grofers.com/cdn-cgi/image/f=auto,fit=scale-down,q=70,metadata=none,w=90/assets/eta-icons/15-mins.png",False,True
Impact Sugar Free Mint Mint Candies (Strawberry),150,150,SNACKS,14 g,100,Impact,Impact Sugar Free Mint Mint Candies (Strawberry),"https://cdn.grofers.com/cdn-cgi/image/f=auto,fit=scale-down,q=70,metadata=none,w=90/assets/eta-icons/15-mins.png",False,True
Chandan Star 5 in 1 Mouth Freshener,169,169,SNACKS,200 g,100,Chandan,Chandan Star 5 in 1 Mouth Freshener,"https://cdn.grofers.com/cdn-cgi/image/f=auto,fit=scale-down,q=70,metadata=none,w=90/assets/eta-icons/15-mins.png",False,True
Impact Cola Mint Mint Candies - Sugar Free,150,150,SNACKS,14 g,100,Impact,Impact Cola Mint Mint Candies - Sugar Free,"https://cdn.grofers.com/cdn-cgi/image/f=auto,fit=scale-down,q=70,metadata=none,w=90/assets/eta-icons/15-mins.png",False,True
Impact Sugar Free Mint Mint Candies (Ice Mints),150,150,SNACKS,14 g,100,Impact,Impact Sugar Free Mint Mint Candies (Ice Mints),"https://cdn.grofers.com/cdn-cgi/image/f=auto,fit=scale-down,q=70,metadata=none,w=90/assets/eta-icons/15-mins.png",False,True
Pass Pass Sweet Magic Mix Mouth Freshener,105,105,SNACKS,115 g,100,Pass,Pass Pass Sweet Magic Mix Mouth Freshener,"https://cdn.grofers.com/cdn-cgi/image/f=auto,fit=scale-down,q=70,metadata=none,w=90/assets/eta-icons/15-mins.png",False,True
Trident Watermelon Twist Chewing Gum (Sugar Free),150,150,SNACKS,26.6 g,100,Trident,Trident Watermelon Twist Chewing Gum (Sugar Free),"https://cdn.grofers.com/cdn-cgi/image/f=auto,fit=scale-down,q=70,metadata=none,w=90/assets/eta-icons/15-mins.png",False,True
Chandan Anardana Punch Anardana Goli,126,126,SNACKS,170 g,100,Chandan,Chandan Anardana Punch Anardana Goli,"https://cdn.grofers.com/cdn-cgi/image/f=auto,fit=scale-down,q=70,metadata=none,w=90/assets/eta-icons/15-mins.png",False,True
Chandan Calcutta Mitha Paan Mouth Freshener,181,181,SNACKS,90 g,100,Chandan,Chandan Calcutta Mitha Paan Mouth Freshener,"https://cdn.grofers.com/cdn-cgi/image/f=auto,fit=scale-down,q=70,metadata=none,w=90/assets/eta-icons/15-mins.png",False,True
Cold Drinks & Juices,10,10,SNACKS,see all,100,Cold,Cold Drinks & Juices,"https://cdn.grofers.com/cdn-cgi/image/f=auto,fit=scale-down,q=70,metadata=none,w=90/assets/eta-icons/15-mins.png",False,True
Amul Probiotic Tadka Salted Buttermilk,10,10,SNACKS,270 ml,100,Amul,Amul Probiotic Tadka Salted Buttermilk,"https://cdn.grofers.com/cdn-cgi/image/f=auto,fit=scale-down,q=70,metadata=none,w=90/assets/eta-icons/15-mins.png",False,True
Thums Up Soft Drink,39,39,SNACKS,750 ml,100,Thums,Thums Up Soft Drink,"https://cdn.grofers.com/cdn-cgi/image/f=auto,fit=scale-down,q=70,metadata=none,w=90/assets/eta-icons/15-mins.png",False,True
Coca-Cola Diet Coke Diets & Lights,50,50,SNACKS,330 ml,100,Coca-Cola,Coca-Cola Diet Coke Diets & Lights,"https://cdn.grofers.com/cdn-cgi/image/f=auto,fit=scale-down,q=70,metadata=none,w=90/assets/eta-icons/15-mins.png",False,True
Sprite Lime Flavored Soft Drink,39,39,SNACKS,750 ml,100,Sprite,Sprite Lime Flavored Soft Drink,"https://cdn.grofers.com/cdn-cgi/image/f=auto,fit=scale-down,q=70,metadata=none,w=90/assets/eta-icons/15-mins.png",False,True
Thums Up Cola Soft Drink (2.25 l),96,96,SNACKS,2.25 ltr,100,Thums,Thums Up Cola Soft Drink (2.25 l),"https://cdn.grofers.com/cdn-cgi/image/f=auto,fit=scale-down,q=70,metadata=none,w=90/assets/eta-icons/15-mins.png",False,True
Maaza Mango Drink 600 ml,35,35,SNACKS,600 ml,100,Maaza,Maaza Mango Drink 600 ml,"https://cdn.grofers.com/cdn-cgi/image/f=auto,fit=scale-down,q=70,metadata=none,w=90/assets/eta-icons/15-mins.png",False,True
Mother Dairy Probiotic Tadka Salted Buttermilk,10,10,SNACKS,270 ml,100,Mother,Mother Dairy Probiotic Tadka Salted Buttermilk,"https://cdn.grofers.com/cdn-cgi/image/f=auto,fit=scale-down,q=70,metadata=none,w=90/assets/eta-icons/15-mins.png",False,True
Ice Cubes by Icelings,75,75,SNACKS,1 kg,100,Ice,Ice Cubes by Icelings,"https://cdn.grofers.com/cdn-cgi/image/f=auto,fit=scale-down,q=70,metadata=none,w=90/assets/eta-icons/15-mins.png",False,True
Amul Masti Spiced Salted Buttermilk,15,15,SNACKS,200 ml,100,Amul,Amul Masti Spiced Salted Buttermilk,"https://cdn.grofers.com/cdn-cgi/image/f=auto,fit=scale-down,q=70,metadata=none,w=90/assets/eta-icons/15-mins.png",False,True
Bisleri Packaged Water,75,75,SNACKS,5 ltr,100,Bisleri,Bisleri Packaged Water,"https://cdn.grofers.com/cdn-cgi/image/f=auto,fit=scale-down,q=70,metadata=none,w=90/assets/eta-icons/15-mins.png",False,True
Duke's Club Soda Water,20,20,SNACKS,750 ml,100,Duke's,Duke's Club Soda Water,"https://cdn.grofers.com/cdn-cgi/image/f=auto,fit=scale-down,q=70,metadata=none,w=90/assets/eta-icons/15-mins.png",False,True
Sprite Lime Soft Drink (2.25 l),96,96,SNACKS,2.25 ltr,100,Sprite,Sprite Lime Soft Drink (2.25 l),"https://cdn.grofers.com/cdn-cgi/image/f=auto,fit=scale-down,q=70,metadata=none,w=90/assets/eta-icons/15-mins.png",False,True
Monster Zero Sugar Ultra Energy Drink,112,112,SNACKS,350 ml,100,Monster,Monster Zero Sugar Ultra Energy Drink,"https://cdn.grofers.com/cdn-cgi/image/f=auto,fit=scale-down,q=70,metadata=none,w=90/assets/eta-icons/15-mins.png",False,True
Amul Probiotic Buttermilk,20,20,SNACKS,500 ml,100,Amul,Amul Probiotic Buttermilk,"https://cdn.grofers.com/cdn-cgi/image/f=auto,fit=scale-down,q=70,metadata=none,w=90/assets/eta-icons/15-mins.png",False,True
Amul Masti Spiced Salted Buttermilk,70,70,SNACKS,1 ltr,100,Amul,Amul Masti Spiced Salted Buttermilk,"https://cdn.grofers.com/cdn-cgi/image/f=auto,fit=scale-down,q=70,metadata=none,w=90/assets/eta-icons/15-mins.png",False,True
Candies & Gums,34,34,SNACKS,see all,100,Candies,Candies & Gums,"https://cdn.grofers.com/cdn-cgi/image/f=auto,fit=scale-down,q=70,metadata=none,w=90/assets/eta-icons/15-mins.png",False,True
Chupa Chups Sour Bites Mixed Fruit Sour Candy,34,34,SNACKS,61.6 g,100,Chupa,Chupa Chups Sour Bites Mixed Fruit Sour Candy,"https://cdn.grofers.com/cdn-cgi/image/f=auto,fit=scale-down,q=70,metadata=none,w=90/assets/eta-icons/15-mins.png",False,True
Happydent White Spearmint Sugar Free Chewing Gum,48,48,SNACKS,24.2 g,100,Happydent,Happydent White Spearmint Sugar Free Chewing Gum,"https://cdn.grofers.com/cdn-cgi/image/f=auto,fit=scale-down,q=70,metadata=none,w=90/assets/eta-icons/15-mins.png",False,True
Parle Poppins Candy,25,25,SNACKS,100 g,100,Parle,Parle Poppins Candy,"https://cdn.grofers.com/cdn-cgi/image/f=auto,fit=scale-down,q=70,metadata=none,w=90/assets/eta-icons/15-mins.png",False,True
Nestle Polo Mint Candies,45,45,SNACKS,50 pcs,100,Nestle,Nestle Polo Mint Candies,"https://cdn.grofers.com/cdn-cgi/image/f=auto,fit=scale-down,q=70,metadata=none,w=90/assets/eta-icons/15-mins.png",False,True
Skippi Natural Flavour Ice Pops,143,143,SNACKS,444 ml,100,Skippi,Skippi Natural Flavour Ice Pops,"https://cdn.grofers.com/cdn-cgi/image/f=auto,fit=scale-down,q=70,metadata=none,w=90/assets/eta-icons/15-mins.png",False,True
Skippi Natural Multi Flavour Ice Pops,247,247,SNACKS,12 x 70 ml,100,Skippi,Skippi Natural Multi Flavour Ice Pops,"https://cdn.grofers.com/cdn-cgi/image/f=auto,fit=scale-down,q=70,metadata=none,w=90/assets/eta-icons/15-mins.png",False,True
Parle Melody Bigger Chocolaty Toffee,50,50,SNACKS,138 g,100,Parle,Parle Melody Bigger Chocolaty Toffee,"https://cdn.grofers.com/cdn-cgi/image/f=auto,fit=scale-down,q=70,metadata=none,w=90/assets/eta-icons/15-mins.png",False,True
Happydent Wave Sugarfree Mint Chewing Gum 18 Pcs,48,48,SNACKS,30.6 g,100,Happydent,Happydent Wave Sugarfree Mint Chewing Gum 18 Pcs,"https://cdn.grofers.com/cdn-cgi/image/f=auto,fit=scale-down,q=70,metadata=none,w=90/assets/eta-icons/15-mins.png",False,True
Pulse Kachcha Aam / Mango Candy,57,57,SNACKS,202.5 g,100,Pulse,Pulse Kachcha Aam / Mango Candy,"https://cdn.grofers.com/cdn-cgi/image/f=auto,fit=scale-down,q=70,metadata=none,w=90/assets/eta-icons/15-mins.png",False,True
Cadbury Choclairs Gold Eclair,50,50,SNACKS,140 g,100,Cadbury,Cadbury Choclairs Gold Eclair,"https://cdn.grofers.com/cdn-cgi/image/f=auto,fit=scale-down,q=70,metadata=none,w=90/assets/eta-icons/15-mins.png",False,True
Skippi Natural Flavoured Ice Pops,143,143,SNACKS,444 ml,100,Skippi,Skippi Natural Flavoured Ice Pops,"https://cdn.grofers.com/cdn-cgi/image/f=auto,fit=scale-down,q=70,metadata=none,w=90/assets/eta-icons/15-mins.png",False,True
Parle Kismi Assorted Toffee,44,44,SNACKS,245.5 g,100,Parle,Parle Kismi Assorted Toffee,"https://cdn.grofers.com/cdn-cgi/image/f=auto,fit=scale-down,q=70,metadata=none,w=90/assets/eta-icons/15-mins.png",False,True
Chupa Chups Sour Belt Mixed Fruit Sour Candy,29,29,SNACKS,57.6 g,100,Chupa,Chupa Chups Sour Belt Mixed Fruit Sour Candy,"https://cdn.grofers.com/cdn-cgi/image/f=auto,fit=scale-down,q=70,metadata=none,w=90/assets/eta-icons/15-mins.png",False,True
Orbit Spearmint Flavour Sugar Free Chewing Gum,45,45,SNACKS,19.8 g,100,Orbit,Orbit Spearmint Flavour Sugar Free Chewing Gum,"https://cdn.grofers.com/cdn-cgi/image/f=auto,fit=scale-down,q=70,metadata=none,w=90/assets/eta-icons/15-mins.png",False,True
Cocon Mixed Fruit Flavour Jelly,100,100,SNACKS,20 pcs,100,Cocon,Cocon Mixed Fruit Flavour Jelly,"https://cdn.grofers.com/cdn-cgi/image/f=auto,fit=scale-down,q=70,metadata=none,w=90/assets/eta-icons/15-mins.png",False,True
Bakery & Biscuits,85,85,SNACKS,Biscuit Gift Pack,100,Bakery,Bakery & Biscuits,"https://cdn.grofers.com/cdn-cgi/image/f=auto,fit=scale-down,q=70,metadata=none,w=90/app/images/category/cms_images/icon/2380_1696572534396.png",False,True
Biscuit Gift Pack,85,85,SNACKS,Bread & Pav,100,Biscuit,Biscuit Gift Pack,"https://cdn.grofers.com/cdn-cgi/image/f=auto,fit=scale-down,q=70,metadata=none,w=90/app/images/category/cms_images/icon/2380_1696572534396.png",False,True
Parle Hide & Seek Milano Centre Filled Cream Biscuits,85,85,SNACKS,200 g,100,Parle,Parle Hide & Seek Milano Centre Filled Cream Biscuits,"https://cdn.grofers.com/cdn-cgi/image/f=auto,fit=scale-down,q=70,metadata=none,w=270/da/cms-assets/cms/product/rc-upload-1776829632782-16.png",False,True
Hide & Seek Heart Beatz Biscuits Gift Pack,278,278,SNACKS,363 g,100,Hide,Hide & Seek Heart Beatz Biscuits Gift Pack,"https://cdn.grofers.com/cdn-cgi/image/f=auto,fit=scale-down,q=70,metadata=none,w=270/da/cms-assets/cms/product/rc-upload-1770904254890-293.png",False,True
Sapphire Original Danish Biscuits Gift Pack,150,150,SNACKS,125 g,100,Sapphire,Sapphire Original Danish Biscuits Gift Pack,"https://cdn.grofers.com/cdn-cgi/image/f=auto,fit=scale-down,q=70,metadata=none,w=270/da/cms-assets/cms/product/656a671e-3405-4f78-859b-a8f16b1b91c9.png",False,True
Open Secret Celebration Chocolate Biscuits Gift Pack (Zero Maida),278,278,SNACKS,150 g,100,Open,Open Secret Celebration Chocolate Biscuits Gift Pack (Zero Maida),"https://cdn.grofers.com/cdn-cgi/image/f=auto,fit=scale-down,q=70,metadata=none,w=270/da/cms-assets/cms/product/c257aaab-e4f5-4c13-9543-78c6d1b2e9fe.png",False,True
"Open Secret Cookies, Brownie & Dry Fruits Gift Pack",287,287,SNACKS,121 g,100,Open,"Open Secret Cookies, Brownie & Dry Fruits Gift Pack","https://cdn.grofers.com/cdn-cgi/image/f=auto,fit=scale-down,q=70,metadata=none,w=270/da/cms-assets/cms/product/df1f72f2-636d-4ad7-b0d4-a770ec9bee6b.png",False,True
Sapphire Original Danish Chocochip Biscuits Gift Pack,138,138,SNACKS,125 g,100,Sapphire,Sapphire Original Danish Chocochip Biscuits Gift Pack,"https://cdn.grofers.com/cdn-cgi/image/f=auto,fit=scale-down,q=70,metadata=none,w=270/da/cms-assets/cms/product/42047b09-ea48-4060-9e1c-cf176f7a0ccc.png",False,True
Sapphire Butter Biscuits Gift Pack (Gold Collection),279,279,SNACKS,350 g,100,Sapphire,Sapphire Butter Biscuits Gift Pack (Gold Collection),"https://cdn.grofers.com/cdn-cgi/image/f=auto,fit=scale-down,q=70,metadata=none,w=270/da/cms-assets/cms/product/e1a90fe3-05d5-4371-a8dd-262802869fb6.png",False,True
Cookieman Heart Shape Cookies Gift Pack,363,363,SNACKS,300 g,100,Cookieman,Cookieman Heart Shape Cookies Gift Pack,"https://cdn.grofers.com/cdn-cgi/image/f=auto,fit=scale-down,q=70,metadata=none,w=270/da/cms-assets/cms/product/rc-upload-1772133413060-123.png",False,True
Sapphire Silver Collection Butter Cookies Gift Pack,310,310,SNACKS,350 g,100,Sapphire,Sapphire Silver Collection Butter Cookies Gift Pack,"https://cdn.grofers.com/cdn-cgi/image/f=auto,fit=scale-down,q=70,metadata=none,w=270/da/cms-assets/cms/product/0cabfa03-1baa-454e-ade4-344f5219f6fa.png",False,True
Milatos Millet Snacks & Cookies Gift Hamper,1097,1097,SNACKS,700 g,100,Milatos,Milatos Millet Snacks & Cookies Gift Hamper,"https://cdn.grofers.com/cdn-cgi/image/f=auto,fit=scale-down,q=70,metadata=none,w=270/da/cms-assets/cms/product/0c45ac08-3620-4945-810f-34816570cf9d.png",False,True
Delivery in 21 minutes,30,30,BEVERAGES,"Nalasopara East, Nala Sopara, Vasai-Virar, Maharashtra, India",100,Delivery,Delivery in 21 minutes,"https://cdn.grofers.com/cdn-cgi/image/f=auto,fit=scale-down,q=70,metadata=none,w=2700/layout-engine/2026-01/Frame-1437256605-2-2.jpg",False,True
"Dairy, Bread & Eggs",30,30,BEVERAGES,see all,100,"Dairy,","Dairy, Bread & Eggs","https://cdn.grofers.com/cdn-cgi/image/f=auto,fit=scale-down,q=70,metadata=none,w=2700/layout-engine/2026-01/Frame-1437256605-2-2.jpg",False,True
Amul Taaza Toned Milk,30,30,BEVERAGES,500 ml,100,Amul,Amul Taaza Toned Milk,"https://cdn.grofers.com/cdn-cgi/image/f=auto,fit=scale-down,q=70,metadata=none,w=90/assets/eta-icons/15-mins.png",False,True
Amul Gold Full Cream Milk,36,36,BEVERAGES,500 ml,100,Amul,Amul Gold Full Cream Milk,"https://cdn.grofers.com/cdn-cgi/image/f=auto,fit=scale-down,q=70,metadata=none,w=90/assets/eta-icons/15-mins.png",False,True
Amul Cow Milk,30,30,BEVERAGES,500 ml,100,Amul,Amul Cow Milk,"https://cdn.grofers.com/cdn-cgi/image/f=auto,fit=scale-down,q=70,metadata=none,w=90/assets/eta-icons/15-mins.png",False,True
Amul Salted Butter,63,63,BEVERAGES,100 g,100,Amul,Amul Salted Butter,"https://cdn.grofers.com/cdn-cgi/image/f=auto,fit=scale-down,q=70,metadata=none,w=90/assets/eta-icons/15-mins.png",False,True
Amul Masti Cup Curd,25,25,BEVERAGES,200 g,100,Amul,Amul Masti Cup Curd,"https://cdn.grofers.com/cdn-cgi/image/f=auto,fit=scale-down,q=70,metadata=none,w=90/assets/eta-icons/15-mins.png",False,True
Britannia Vitarich Sandwich White Bread,40,40,BEVERAGES,350 g,100,Britannia,Britannia Vitarich Sandwich White Bread,"https://cdn.grofers.com/cdn-cgi/image/f=auto,fit=scale-down,q=70,metadata=none,w=90/assets/eta-icons/15-mins.png",False,True
Gokul Full Cream Milk,38,38,BEVERAGES,500 ml,100,Gokul,Gokul Full Cream Milk,"https://cdn.grofers.com/cdn-cgi/image/f=auto,fit=scale-down,q=70,metadata=none,w=90/assets/eta-icons/15-mins.png",False,True
Yojana Poultry Power White Eggs - 6 pcs,58,58,BEVERAGES,6 pcs,100,Yojana,Yojana Poultry Power White Eggs - 6 pcs,"https://cdn.grofers.com/cdn-cgi/image/f=auto,fit=scale-down,q=70,metadata=none,w=90/assets/eta-icons/15-mins.png",False,True
Amul Masti Cup Cup Curd,50,50,BEVERAGES,400 g,100,Amul,Amul Masti Cup Cup Curd,"https://cdn.grofers.com/cdn-cgi/image/f=auto,fit=scale-down,q=70,metadata=none,w=90/assets/eta-icons/15-mins.png",False,True
Amul Masti Pouch Curd,85,85,BEVERAGES,1 kg,100,Amul,Amul Masti Pouch Curd,"https://cdn.grofers.com/cdn-cgi/image/f=auto,fit=scale-down,q=70,metadata=none,w=90/assets/eta-icons/15-mins.png",False,True
Gokul Full Cream Milk,76,76,BEVERAGES,1 ltr,100,Gokul,Gokul Full Cream Milk,"https://cdn.grofers.com/cdn-cgi/image/f=auto,fit=scale-down,q=70,metadata=none,w=90/assets/eta-icons/15-mins.png",False,True
Modern White Bread,45,45,BEVERAGES,400 g,100,Modern,Modern White Bread,"https://cdn.grofers.com/cdn-cgi/image/f=auto,fit=scale-down,q=70,metadata=none,w=90/assets/eta-icons/15-mins.png",False,True
Amul Buffalo A2 Milk,39,39,BEVERAGES,500 ml,100,Amul,Amul Buffalo A2 Milk,"https://cdn.grofers.com/cdn-cgi/image/f=auto,fit=scale-down,q=70,metadata=none,w=90/assets/eta-icons/15-mins.png",False,True
Amul Taaza Homogenised Toned Milk,77,77,BEVERAGES,1 ltr,100,Amul,Amul Taaza Homogenised Toned Milk,"https://cdn.grofers.com/cdn-cgi/image/f=auto,fit=scale-down,q=70,metadata=none,w=90/assets/eta-icons/15-mins.png",False,True
Amul Pouch Curd,50,50,BEVERAGES,700 g,100,Amul,Amul Pouch Curd,"https://cdn.grofers.com/cdn-cgi/image/f=auto,fit=scale-down,q=70,metadata=none,w=90/assets/eta-icons/15-mins.png",False,True
Rolling paper & tobacco,45,45,BEVERAGES,see all,100,Rolling,Rolling paper & tobacco,"https://cdn.grofers.com/cdn-cgi/image/f=auto,fit=scale-down,q=70,metadata=none,w=90/assets/eta-icons/15-mins.png",False,True
Perfect Rolled Cones (Natural) - Bongchie,45,45,BEVERAGES,3 pcs,100,Perfect,Perfect Rolled Cones (Natural) - Bongchie,"https://cdn.grofers.com/cdn-cgi/image/f=auto,fit=scale-down,q=70,metadata=none,w=90/assets/eta-icons/15-mins.png",False,True
Booklet of 32 Brown Leaves and Tips Rolling Paper - Original Gangster,90,90,BEVERAGES,1 pc,100,Booklet,Booklet of 32 Brown Leaves and Tips Rolling Paper - Original Gangster,"https://cdn.grofers.com/cdn-cgi/image/f=auto,fit=scale-down,q=70,metadata=none,w=90/assets/eta-icons/15-mins.png",False,True
"Ultimate Rolling Paper with Filter Tips & Crushing Tray (King Size, Unbleached) - Mozo",90,90,BEVERAGES,32 pcs,100,Ultimate,"Ultimate Rolling Paper with Filter Tips & Crushing Tray (King Size, Unbleached) - Mozo","https://cdn.grofers.com/cdn-cgi/image/f=auto,fit=scale-down,q=70,metadata=none,w=90/assets/eta-icons/15-mins.png",False,True
Super Slim Brown Rolling Paper - Stash Pro,55,55,BEVERAGES,32 pcs,100,Super,Super Slim Brown Rolling Paper - Stash Pro,"https://cdn.grofers.com/cdn-cgi/image/f=auto,fit=scale-down,q=70,metadata=none,w=90/assets/eta-icons/15-mins.png",False,True
Thins Pre-Rolled Rolling Paper - LIT,25,25,BEVERAGES,1 pack,100,Thins,Thins Pre-Rolled Rolling Paper - LIT,"https://cdn.grofers.com/cdn-cgi/image/f=auto,fit=scale-down,q=70,metadata=none,w=90/assets/eta-icons/15-mins.png",False,True
White Thin Rolling Paper (King Size) - Elements,80,80,BEVERAGES,32 pcs,100,White,White Thin Rolling Paper (King Size) - Elements,"https://cdn.grofers.com/cdn-cgi/image/f=auto,fit=scale-down,q=70,metadata=none,w=90/assets/eta-icons/15-mins.png",False,True
Perforated Wide Tips Roach - Raw,50,50,BEVERAGES,50 pcs,100,Perforated,Perforated Wide Tips Roach - Raw,"https://cdn.grofers.com/cdn-cgi/image/f=auto,fit=scale-down,q=70,metadata=none,w=90/assets/eta-icons/15-mins.png",False,True
Black Slim Rolling Paper (King Size) - Raw,100,100,BEVERAGES,32 pcs,100,Black,Black Slim Rolling Paper (King Size) - Raw,"https://cdn.grofers.com/cdn-cgi/image/f=auto,fit=scale-down,q=70,metadata=none,w=90/assets/eta-icons/15-mins.png",False,True
Brown Ripper Rolling Paper 32 Leaves + 32 Roaches - Stash Pro,120,120,BEVERAGES,32 pcs,100,Brown,Brown Ripper Rolling Paper 32 Leaves + 32 Roaches - Stash Pro,"https://cdn.grofers.com/cdn-cgi/image/f=auto,fit=scale-down,q=70,metadata=none,w=90/assets/eta-icons/15-mins.png",False,True
Perfect Ultra Thin Pre Rolled Cones - Bongchie,90,90,BEVERAGES,6 pcs,100,Perfect,Perfect Ultra Thin Pre Rolled Cones - Bongchie,"https://cdn.grofers.com/cdn-cgi/image/f=auto,fit=scale-down,q=70,metadata=none,w=90/assets/eta-icons/15-mins.png",False,True
"Ultimate Rolling Paper with Filter Tips & Crushing Tray (King Size, Bleached) - Mozo",80,80,BEVERAGES,32 pcs,100,Ultimate,"Ultimate Rolling Paper with Filter Tips & Crushing Tray (King Size, Bleached) - Mozo","https://cdn.grofers.com/cdn-cgi/image/f=auto,fit=scale-down,q=70,metadata=none,w=90/assets/eta-icons/15-mins.png",False,True
Classic Filter Tips & Rolling Paper (King Size) - Raw,150,150,BEVERAGES,32 pcs,100,Classic,Classic Filter Tips & Rolling Paper (King Size) - Raw,"https://cdn.grofers.com/cdn-cgi/image/f=auto,fit=scale-down,q=70,metadata=none,w=90/assets/eta-icons/15-mins.png",False,True
Metallic Herb Grinder/ Crusher - Outontrip,250,250,BEVERAGES,1 pc,100,Metallic,Metallic Herb Grinder/ Crusher - Outontrip,"https://cdn.grofers.com/cdn-cgi/image/f=auto,fit=scale-down,q=70,metadata=none,w=90/assets/eta-icons/15-mins.png",False,True
White Ripper Tipper Rolling Paper with Roaches - Stash Pro,100,100,BEVERAGES,32 pcs,100,White,White Ripper Tipper Rolling Paper with Roaches - Stash Pro,"https://cdn.grofers.com/cdn-cgi/image/f=auto,fit=scale-down,q=70,metadata=none,w=90/assets/eta-icons/15-mins.png",False,True
White Rolling Paper Tips - Elements,50,50,BEVERAGES,50 pcs,100,White,White Rolling Paper Tips - Elements,"https://cdn.grofers.com/cdn-cgi/image/f=auto,fit=scale-down,q=70,metadata=none,w=90/assets/eta-icons/15-mins.png",False,True
Snacks & Munchies,69,69,BEVERAGES,see all,100,Snacks,Snacks & Munchies,"https://cdn.grofers.com/cdn-cgi/image/f=auto,fit=scale-down,q=70,metadata=none,w=90/assets/eta-icons/15-mins.png",False,True
Protein Chef Baked Coated Peanuts (Masala Roasted Healthy Snacks),69,69,BEVERAGES,50 g,100,Protein,Protein Chef Baked Coated Peanuts (Masala Roasted Healthy Snacks),"https://cdn.grofers.com/cdn-cgi/image/f=auto,fit=scale-down,q=70,metadata=none,w=90/assets/eta-icons/15-mins.png",False,True
Protein Chef Sprouted Flour Bhujia (No Palm Oil),99,99,BEVERAGES,80 g,100,Protein,Protein Chef Sprouted Flour Bhujia (No Palm Oil),"https://cdn.grofers.com/cdn-cgi/image/f=auto,fit=scale-down,q=70,metadata=none,w=90/assets/eta-icons/15-mins.png",False,True
Beanly Choco Hazelnut Spread with Breadsticks,99,99,BEVERAGES,52 g,100,Beanly,Beanly Choco Hazelnut Spread with Breadsticks,"https://cdn.grofers.com/cdn-cgi/image/f=auto,fit=scale-down,q=70,metadata=none,w=90/assets/eta-icons/15-mins.png",False,True
Red Rock Deli Baked Chips (Greek Salad) 40% Less Fat Snacks,51,51,BEVERAGES,53 g,100,Red,Red Rock Deli Baked Chips (Greek Salad) 40% Less Fat Snacks,"https://cdn.grofers.com/cdn-cgi/image/f=auto,fit=scale-down,q=70,metadata=none,w=90/assets/eta-icons/15-mins.png",False,True
Takis Fuego Rolled Tortilla Chips,159,159,BEVERAGES,28.4 g,100,Takis,Takis Fuego Rolled Tortilla Chips,"https://cdn.grofers.com/cdn-cgi/image/f=auto,fit=scale-down,q=70,metadata=none,w=90/assets/eta-icons/15-mins.png",False,True
Moi Soi Brown Rice Paper,109,109,BEVERAGES,100 g,100,Moi,Moi Soi Brown Rice Paper,"https://cdn.grofers.com/cdn-cgi/image/f=auto,fit=scale-down,q=70,metadata=none,w=90/assets/eta-icons/15-mins.png",False,True
Cheetos Flamin Hot Crunchy Crisps,199,199,BEVERAGES,35.4 g,100,Cheetos,Cheetos Flamin Hot Crunchy Crisps,"https://cdn.grofers.com/cdn-cgi/image/f=auto,fit=scale-down,q=70,metadata=none,w=90/assets/eta-icons/15-mins.png",False,True
Crax Truffle Fries (Black Truffle & Parmesan Cheese),45,45,BEVERAGES,55 g,100,Crax,Crax Truffle Fries (Black Truffle & Parmesan Cheese),"https://cdn.grofers.com/cdn-cgi/image/f=auto,fit=scale-down,q=70,metadata=none,w=90/assets/eta-icons/15-mins.png",False,True
Kettle Studio Sharp Jalapenos & Cream Cheese Potato Chips,47,47,BEVERAGES,60 g,100,Kettle,Kettle Studio Sharp Jalapenos & Cream Cheese Potato Chips,"https://cdn.grofers.com/cdn-cgi/image/f=auto,fit=scale-down,q=70,metadata=none,w=90/assets/eta-icons/15-mins.png",False,True
Too Yumm Cheese Balls Puffs (No Palm Oil),29,29,BEVERAGES,40 g,100,Too,Too Yumm Cheese Balls Puffs (No Palm Oil),"https://cdn.grofers.com/cdn-cgi/image/f=auto,fit=scale-down,q=70,metadata=none,w=90/assets/eta-icons/15-mins.png",False,True
Protein Chef Himalayan Pink Salted Peanuts (Healthy & Roasted),59,59,BEVERAGES,100 g,100,Protein,Protein Chef Himalayan Pink Salted Peanuts (Healthy & Roasted),"https://cdn.grofers.com/cdn-cgi/image/f=auto,fit=scale-down,q=70,metadata=none,w=90/assets/eta-icons/15-mins.png",False,True
Kettle Studio Himalayan Pink Salt Potato Chips,47,47,BEVERAGES,60 g,100,Kettle,Kettle Studio Himalayan Pink Salt Potato Chips,"https://cdn.grofers.com/cdn-cgi/image/f=auto,fit=scale-down,q=70,metadata=none,w=90/assets/eta-icons/15-mins.png",False,True
Kettle Studio Rock Sea Salt & English Vinegar Potato Chips,99,99,BEVERAGES,113 g,100,Kettle,Kettle Studio Rock Sea Salt & English Vinegar Potato Chips,"https://cdn.grofers.com/cdn-cgi/image/f=auto,fit=scale-down,q=70,metadata=none,w=90/assets/eta-icons/15-mins.png",False,True
Kab's Jackpot Fire Balls Snack,49,49,BEVERAGES,60 g,100,Kab's,Kab's Jackpot Fire Balls Snack,"https://cdn.grofers.com/cdn-cgi/image/f=auto,fit=scale-down,q=70,metadata=none,w=90/assets/eta-icons/15-mins.png",False,True
Kettle Studio Air Fried Lime & Chilli Potato Chips,99,99,BEVERAGES,85 g,100,Kettle,Kettle Studio Air Fried Lime & Chilli Potato Chips,"https://cdn.grofers.com/cdn-cgi/image/f=auto,fit=scale-down,q=70,metadata=none,w=90/assets/eta-icons/15-mins.png",False,True
Hookah,100,100,BEVERAGES,see all,100,Hookah,Hookah,"https://cdn.grofers.com/cdn-cgi/image/f=auto,fit=scale-down,q=70,metadata=none,w=90/assets/eta-icons/15-mins.png",False,True
Chief Commissioner Herbal Hookah Flavor (Tobacco Free) by Soex,100,100,BEVERAGES,50 g,100,Chief,Chief Commissioner Herbal Hookah Flavor (Tobacco Free) by Soex,"https://cdn.grofers.com/cdn-cgi/image/f=auto,fit=scale-down,q=70,metadata=none,w=90/assets/eta-icons/15-mins.png",False,True
Coconut Hookah Coal by Bongchie,125,125,BEVERAGES,250 g,100,Coconut,Coconut Hookah Coal by Bongchie,"https://cdn.grofers.com/cdn-cgi/image/f=auto,fit=scale-down,q=70,metadata=none,w=90/assets/eta-icons/15-mins.png",False,True
Premium Magic Coal By Stash Pro,80,80,BEVERAGES,10 pcs,100,Premium,Premium Magic Coal By Stash Pro,"https://cdn.grofers.com/cdn-cgi/image/f=auto,fit=scale-down,q=70,metadata=none,w=90/assets/eta-icons/15-mins.png",False,True
Instant Ignite Magic Coal by Bongchie,80,80,BEVERAGES,10 pcs,100,Instant,Instant Ignite Magic Coal by Bongchie,"https://cdn.grofers.com/cdn-cgi/image/f=auto,fit=scale-down,q=70,metadata=none,w=90/assets/eta-icons/15-mins.png",False,True
Natural Coconut Hookah Charcoal Coal By Irfaz,130,130,BEVERAGES,30 pcs,100,Natural,Natural Coconut Hookah Charcoal Coal By Irfaz,"https://cdn.grofers.com/cdn-cgi/image/f=auto,fit=scale-down,q=70,metadata=none,w=90/assets/eta-icons/15-mins.png",False,True
Coconut Hookah Coal Cubes by Stash Pro,180,180,BEVERAGES,250 g,100,Coconut,Coconut Hookah Coal Cubes by Stash Pro,"https://cdn.grofers.com/cdn-cgi/image/f=auto,fit=scale-down,q=70,metadata=none,w=90/assets/eta-icons/15-mins.png",False,True
Flat Coconut Hookah Coal Cubes by Stash Pro,180,180,BEVERAGES,250 g,100,Flat,Flat Coconut Hookah Coal Cubes by Stash Pro,"https://cdn.grofers.com/cdn-cgi/image/f=auto,fit=scale-down,q=70,metadata=none,w=90/assets/eta-icons/15-mins.png",False,True
Mouthpiece Hookah Pipe by Cocoyaya,150,150,BEVERAGES,40 pcs,100,Mouthpiece,Mouthpiece Hookah Pipe by Cocoyaya,"https://cdn.grofers.com/cdn-cgi/image/f=auto,fit=scale-down,q=70,metadata=none,w=90/assets/eta-icons/15-mins.png",False,True
Premium Hookah Charcoal Polo Magic Coal by Irfaz,79,79,BEVERAGES,10 tabs,100,Premium,Premium Hookah Charcoal Polo Magic Coal by Irfaz,"https://cdn.grofers.com/cdn-cgi/image/f=auto,fit=scale-down,q=70,metadata=none,w=90/assets/eta-icons/15-mins.png",False,True
Premuim Instant Ignite Magic Coal by Quick Click Goods,139,139,BEVERAGES,2 packs,100,Premuim,Premuim Instant Ignite Magic Coal by Quick Click Goods,"https://cdn.grofers.com/cdn-cgi/image/f=auto,fit=scale-down,q=70,metadata=none,w=90/assets/eta-icons/15-mins.png",False,True
Hot Plate Heater Electric Coil Burner 500W by Cocoyaya,690,690,BEVERAGES,1 pc,100,Hot,Hot Plate Heater Electric Coil Burner 500W by Cocoyaya,"https://cdn.grofers.com/cdn-cgi/image/f=auto,fit=scale-down,q=70,metadata=none,w=90/assets/eta-icons/15-mins.png",False,True
Electric Charcoal Starter Hookah by Sheesha's Crown,699,699,BEVERAGES,1 pc,100,Electric,Electric Charcoal Starter Hookah by Sheesha's Crown,"https://cdn.grofers.com/cdn-cgi/image/f=auto,fit=scale-down,q=70,metadata=none,w=90/assets/eta-icons/15-mins.png",False,True
Premium Silver Hookah Foil by Rhythm Imports,100,100,BEVERAGES,30 pcs,100,Premium,Premium Silver Hookah Foil by Rhythm Imports,"https://cdn.grofers.com/cdn-cgi/image/f=auto,fit=scale-down,q=70,metadata=none,w=90/assets/eta-icons/15-mins.png",False,True
Metal Coal Hookah Cloud by Smokey Lust,350,350,BEVERAGES,1 pc,100,Metal,Metal Coal Hookah Cloud by Smokey Lust,"https://cdn.grofers.com/cdn-cgi/image/f=auto,fit=scale-down,q=70,metadata=none,w=90/assets/eta-icons/15-mins.png",False,True
Mini Ferro Series Hookah by Cocoyaya,3990,3990,BEVERAGES,1 pc,100,Mini,Mini Ferro Series Hookah by Cocoyaya,"https://cdn.grofers.com/cdn-cgi/image/f=auto,fit=scale-down,q=70,metadata=none,w=90/assets/eta-icons/15-mins.png",False,True
Mouth fresheners,50,50,BEVERAGES,see all,100,Mouth,Mouth fresheners,"https://cdn.grofers.com/cdn-cgi/image/f=auto,fit=scale-down,q=70,metadata=none,w=270/da/cms-assets/cms/product/de6cc2fb-de87-4112-a89e-cf7c263e2e3e.png",False,True
GO DESi Popz Tangy Imli Lollipop Candy,50,50,BEVERAGES,8 pcs,100,GO,GO DESi Popz Tangy Imli Lollipop Candy,"https://cdn.grofers.com/cdn-cgi/image/f=auto,fit=scale-down,q=70,metadata=none,w=270/da/cms-assets/cms/product/de6cc2fb-de87-4112-a89e-cf7c263e2e3e.png",False,True
Chandan Saunf Elaichi Mouth Freshener,45,45,BEVERAGES,100 g,100,Chandan,Chandan Saunf Elaichi Mouth Freshener,"https://cdn.grofers.com/cdn-cgi/image/f=auto,fit=scale-down,q=70,metadata=none,w=270/da/cms-assets/cms/product/53ca4f43-b66c-4e1d-b105-9db9a4491478.png",False,True
Chandan Mint Saunf Mouth Freshener,50,50,BEVERAGES,100 g,100,Chandan,Chandan Mint Saunf Mouth Freshener,"https://cdn.grofers.com/cdn-cgi/image/f=auto,fit=scale-down,q=70,metadata=none,w=270/da/cms-assets/cms/product/d37286d5-2122-4fe2-97fa-5a809e8f7d6f.png",False,True
Trident Spearmint Chewing Gum (Sugar Free),150,150,BEVERAGES,14 pcs,100,Trident,Trident Spearmint Chewing Gum (Sugar Free),"https://cdn.grofers.com/cdn-cgi/image/f=auto,fit=scale-down,q=70,metadata=none,w=270/da/cms-assets/cms/product/b417aadf-8504-4db2-9560-469a80461509.png",False,True
Perfora Mouth Spray - Instant Fresh Breath (UM),159,159,BEVERAGES,10 ml,100,Perfora,Perfora Mouth Spray - Instant Fresh Breath (UM),"https://cdn.grofers.com/cdn-cgi/image/f=auto,fit=scale-down,q=70,metadata=none,w=270/da/cms-assets/cms/product/4217f86f-cafb-44e7-8afb-6475fd3e64f1.png",False,True
On1y Imli Goli Candy,115,115,BEVERAGES,115 g,100,On1y,On1y Imli Goli Candy,"https://cdn.grofers.com/cdn-cgi/image/f=auto,fit=scale-down,q=70,metadata=none,w=270/da/cms-assets/cms/product/25e6d614-76cb-477e-b7d4-a143de9ebe6e.png",False,True
Chandan PK's Paan Mouth Freshener,50,50,BEVERAGES,110 g,100,Chandan,Chandan PK's Paan Mouth Freshener,"https://cdn.grofers.com/cdn-cgi/image/f=auto,fit=scale-down,q=70,metadata=none,w=270/da/cms-assets/cms/product/30340a50-8a63-4003-9a6c-f76fb40e7e41.png",False,True
Impact Sugar Free Mint Mint Candies (Strawberry),150,150,BEVERAGES,14 g,100,Impact,Impact Sugar Free Mint Mint Candies (Strawberry),"https://cdn.grofers.com/cdn-cgi/image/f=auto,fit=scale-down,q=70,metadata=none,w=90/assets/eta-icons/15-mins.png",False,True
Chandan Star 5 in 1 Mouth Freshener,169,169,BEVERAGES,200 g,100,Chandan,Chandan Star 5 in 1 Mouth Freshener,"https://cdn.grofers.com/cdn-cgi/image/f=auto,fit=scale-down,q=70,metadata=none,w=90/assets/eta-icons/15-mins.png",False,True
Impact Cola Mint Mint Candies - Sugar Free,150,150,BEVERAGES,14 g,100,Impact,Impact Cola Mint Mint Candies - Sugar Free,"https://cdn.grofers.com/cdn-cgi/image/f=auto,fit=scale-down,q=70,metadata=none,w=90/assets/eta-icons/15-mins.png",False,True
Impact Sugar Free Mint Mint Candies (Ice Mints),150,150,BEVERAGES,14 g,100,Impact,Impact Sugar Free Mint Mint Candies (Ice Mints),"https://cdn.grofers.com/cdn-cgi/image/f=auto,fit=scale-down,q=70,metadata=none,w=90/assets/eta-icons/15-mins.png",False,True
Pass Pass Sweet Magic Mix Mouth Freshener,105,105,BEVERAGES,115 g,100,Pass,Pass Pass Sweet Magic Mix Mouth Freshener,"https://cdn.grofers.com/cdn-cgi/image/f=auto,fit=scale-down,q=70,metadata=none,w=90/assets/eta-icons/15-mins.png",False,True
Trident Watermelon Twist Chewing Gum (Sugar Free),150,150,BEVERAGES,26.6 g,100,Trident,Trident Watermelon Twist Chewing Gum (Sugar Free),"https://cdn.grofers.com/cdn-cgi/image/f=auto,fit=scale-down,q=70,metadata=none,w=90/assets/eta-icons/15-mins.png",False,True
Chandan Anardana Punch Anardana Goli,126,126,BEVERAGES,170 g,100,Chandan,Chandan Anardana Punch Anardana Goli,"https://cdn.grofers.com/cdn-cgi/image/f=auto,fit=scale-down,q=70,metadata=none,w=90/assets/eta-icons/15-mins.png",False,True
Chandan Calcutta Mitha Paan Mouth Freshener,181,181,BEVERAGES,90 g,100,Chandan,Chandan Calcutta Mitha Paan Mouth Freshener,"https://cdn.grofers.com/cdn-cgi/image/f=auto,fit=scale-down,q=70,metadata=none,w=90/assets/eta-icons/15-mins.png",False,True
Cold Drinks & Juices,10,10,BEVERAGES,see all,100,Cold,Cold Drinks & Juices,"https://cdn.grofers.com/cdn-cgi/image/f=auto,fit=scale-down,q=70,metadata=none,w=270/da/cms-assets/cms/product/a7649f22-e3df-4aa7-a4f7-e769de4539dc.png",False,True
Amul Probiotic Tadka Salted Buttermilk,10,10,BEVERAGES,270 ml,100,Amul,Amul Probiotic Tadka Salted Buttermilk,"https://cdn.grofers.com/cdn-cgi/image/f=auto,fit=scale-down,q=70,metadata=none,w=270/da/cms-assets/cms/product/a7649f22-e3df-4aa7-a4f7-e769de4539dc.png",False,True
Thums Up Soft Drink,39,39,BEVERAGES,750 ml,100,Thums,Thums Up Soft Drink,"https://cdn.grofers.com/cdn-cgi/image/f=auto,fit=scale-down,q=70,metadata=none,w=270/da/cms-assets/cms/product/rc-upload-1770356946958-58.png",False,True
Coca-Cola Diet Coke Diets & Lights,50,50,BEVERAGES,330 ml,100,Coca-Cola,Coca-Cola Diet Coke Diets & Lights,"https://cdn.grofers.com/cdn-cgi/image/f=auto,fit=scale-down,q=70,metadata=none,w=270/da/cms-assets/cms/product/rc-upload-1772721745362-188.png",False,True
Sprite Lime Flavored Soft Drink,39,39,BEVERAGES,750 ml,100,Sprite,Sprite Lime Flavored Soft Drink,"https://cdn.grofers.com/cdn-cgi/image/f=auto,fit=scale-down,q=70,metadata=none,w=270/da/cms-assets/cms/product/rc-upload-1772682797673-127.png",False,True
Thums Up Cola Soft Drink (2.25 l),96,96,BEVERAGES,2.25 ltr,100,Thums,Thums Up Cola Soft Drink (2.25 l),"https://cdn.grofers.com/cdn-cgi/image/f=auto,fit=scale-down,q=70,metadata=none,w=270/da/cms-assets/cms/product/aadb0b83-88f8-4459-9e8c-7480f9c984de.png",False,True
Maaza Mango Drink 600 ml,35,35,BEVERAGES,600 ml,100,Maaza,Maaza Mango Drink 600 ml,"https://cdn.grofers.com/cdn-cgi/image/f=auto,fit=scale-down,q=70,metadata=none,w=270/da/cms-assets/cms/product/bd4d64b7-7c43-449a-ac11-4a3ddfad644d.png",False,True
Mother Dairy Probiotic Tadka Salted Buttermilk,10,10,BEVERAGES,270 ml,100,Mother,Mother Dairy Probiotic Tadka Salted Buttermilk,"https://cdn.grofers.com/cdn-cgi/image/f=auto,fit=scale-down,q=70,metadata=none,w=270/da/cms-assets/cms/product/e142d3d3-99fd-4f7b-a778-91875ae3ff72.png",False,True
Ice Cubes by Icelings,75,75,BEVERAGES,1 kg,100,Ice,Ice Cubes by Icelings,"https://cdn.grofers.com/cdn-cgi/image/f=auto,fit=scale-down,q=70,metadata=none,w=90/assets/eta-icons/15-mins.png",False,True
Amul Masti Spiced Salted Buttermilk,15,15,BEVERAGES,200 ml,100,Amul,Amul Masti Spiced Salted Buttermilk,"https://cdn.grofers.com/cdn-cgi/image/f=auto,fit=scale-down,q=70,metadata=none,w=90/assets/eta-icons/15-mins.png",False,True
Bisleri Packaged Water,75,75,BEVERAGES,5 ltr,100,Bisleri,Bisleri Packaged Water,"https://cdn.grofers.com/cdn-cgi/image/f=auto,fit=scale-down,q=70,metadata=none,w=90/assets/eta-icons/15-mins.png",False,True
Duke's Club Soda Water,20,20,BEVERAGES,750 ml,100,Duke's,Duke's Club Soda Water,"https://cdn.grofers.com/cdn-cgi/image/f=auto,fit=scale-down,q=70,metadata=none,w=90/assets/eta-icons/15-mins.png",False,True
Sprite Lime Soft Drink (2.25 l),96,96,BEVERAGES,2.25 ltr,100,Sprite,Sprite Lime Soft Drink (2.25 l),"https://cdn.grofers.com/cdn-cgi/image/f=auto,fit=scale-down,q=70,metadata=none,w=90/assets/eta-icons/15-mins.png",False,True
Monster Zero Sugar Ultra Energy Drink,112,112,BEVERAGES,350 ml,100,Monster,Monster Zero Sugar Ultra Energy Drink,"https://cdn.grofers.com/cdn-cgi/image/f=auto,fit=scale-down,q=70,metadata=none,w=90/assets/eta-icons/15-mins.png",False,True
Amul Probiotic Buttermilk,20,20,BEVERAGES,500 ml,100,Amul,Amul Probiotic Buttermilk,"https://cdn.grofers.com/cdn-cgi/image/f=auto,fit=scale-down,q=70,metadata=none,w=90/assets/eta-icons/15-mins.png",False,True
Amul Masti Spiced Salted Buttermilk,70,70,BEVERAGES,1 ltr,100,Amul,Amul Masti Spiced Salted Buttermilk,"https://cdn.grofers.com/cdn-cgi/image/f=auto,fit=scale-down,q=70,metadata=none,w=90/assets/eta-icons/15-mins.png",False,True
Candies & Gums,34,34,BEVERAGES,see all,100,Candies,Candies & Gums,"https://cdn.grofers.com/cdn-cgi/image/f=auto,fit=scale-down,q=70,metadata=none,w=90/assets/eta-icons/15-mins.png",False,True
Chupa Chups Sour Bites Mixed Fruit Sour Candy,34,34,BEVERAGES,61.6 g,100,Chupa,Chupa Chups Sour Bites Mixed Fruit Sour Candy,"https://cdn.grofers.com/cdn-cgi/image/f=auto,fit=scale-down,q=70,metadata=none,w=90/assets/eta-icons/15-mins.png",False,True
Happydent White Spearmint Sugar Free Chewing Gum,48,48,BEVERAGES,24.2 g,100,Happydent,Happydent White Spearmint Sugar Free Chewing Gum,"https://cdn.grofers.com/cdn-cgi/image/f=auto,fit=scale-down,q=70,metadata=none,w=90/assets/eta-icons/15-mins.png",False,True
Parle Poppins Candy,25,25,BEVERAGES,100 g,100,Parle,Parle Poppins Candy,"https://cdn.grofers.com/cdn-cgi/image/f=auto,fit=scale-down,q=70,metadata=none,w=90/assets/eta-icons/15-mins.png",False,True
Nestle Polo Mint Candies,45,45,BEVERAGES,50 pcs,100,Nestle,Nestle Polo Mint Candies,"https://cdn.grofers.com/cdn-cgi/image/f=auto,fit=scale-down,q=70,metadata=none,w=90/assets/eta-icons/15-mins.png",False,True
Skippi Natural Flavour Ice Pops,143,143,BEVERAGES,444 ml,100,Skippi,Skippi Natural Flavour Ice Pops,"https://cdn.grofers.com/cdn-cgi/image/f=auto,fit=scale-down,q=70,metadata=none,w=90/assets/eta-icons/15-mins.png",False,True
Skippi Natural Multi Flavour Ice Pops,247,247,BEVERAGES,12 x 70 ml,100,Skippi,Skippi Natural Multi Flavour Ice Pops,"https://cdn.grofers.com/cdn-cgi/image/f=auto,fit=scale-down,q=70,metadata=none,w=90/assets/eta-icons/15-mins.png",False,True
Parle Melody Bigger Chocolaty Toffee,50,50,BEVERAGES,138 g,100,Parle,Parle Melody Bigger Chocolaty Toffee,"https://cdn.grofers.com/cdn-cgi/image/f=auto,fit=scale-down,q=70,metadata=none,w=90/assets/eta-icons/15-mins.png",False,True
Happydent Wave Sugarfree Mint Chewing Gum 18 Pcs,48,48,BEVERAGES,30.6 g,100,Happydent,Happydent Wave Sugarfree Mint Chewing Gum 18 Pcs,"https://cdn.grofers.com/cdn-cgi/image/f=auto,fit=scale-down,q=70,metadata=none,w=90/assets/eta-icons/15-mins.png",False,True
Pulse Kachcha Aam / Mango Candy,57,57,BEVERAGES,202.5 g,100,Pulse,Pulse Kachcha Aam / Mango Candy,"https://cdn.grofers.com/cdn-cgi/image/f=auto,fit=scale-down,q=70,metadata=none,w=90/assets/eta-icons/15-mins.png",False,True
Cadbury Choclairs Gold Eclair,50,50,BEVERAGES,140 g,100,Cadbury,Cadbury Choclairs Gold Eclair,"https://cdn.grofers.com/cdn-cgi/image/f=auto,fit=scale-down,q=70,metadata=none,w=90/assets/eta-icons/15-mins.png",False,True
Skippi Natural Flavoured Ice Pops,143,143,BEVERAGES,444 ml,100,Skippi,Skippi Natural Flavoured Ice Pops,"https://cdn.grofers.com/cdn-cgi/image/f=auto,fit=scale-down,q=70,metadata=none,w=90/assets/eta-icons/15-mins.png",False,True
Parle Kismi Assorted Toffee,44,44,BEVERAGES,245.5 g,100,Parle,Parle Kismi Assorted Toffee,"https://cdn.grofers.com/cdn-cgi/image/f=auto,fit=scale-down,q=70,metadata=none,w=90/assets/eta-icons/15-mins.png",False,True
Chupa Chups Sour Belt Mixed Fruit Sour Candy,29,29,BEVERAGES,57.6 g,100,Chupa,Chupa Chups Sour Belt Mixed Fruit Sour Candy,"https://cdn.grofers.com/cdn-cgi/image/f=auto,fit=scale-down,q=70,metadata=none,w=90/assets/eta-icons/15-mins.png",False,True
Orbit Spearmint Flavour Sugar Free Chewing Gum,45,45,BEVERAGES,19.8 g,100,Orbit,Orbit Spearmint Flavour Sugar Free Chewing Gum,"https://cdn.grofers.com/cdn-cgi/image/f=auto,fit=scale-down,q=70,metadata=none,w=90/assets/eta-icons/15-mins.png",False,True
Cocon Mixed Fruit Flavour Jelly,100,100,BEVERAGES,20 pcs,100,Cocon,Cocon Mixed Fruit Flavour Jelly,"https://cdn.grofers.com/cdn-cgi/image/f=auto,fit=scale-down,q=70,metadata=none,w=90/assets/eta-icons/15-mins.png",False,True
"Tea, Coffee & Milk Drinks",170,170,BEVERAGES,Tea,100,"Tea,","Tea, Coffee & Milk Drinks","https://cdn.grofers.com/cdn-cgi/image/f=auto,fit=scale-down,q=70,metadata=none,w=90/app/images/category/cms_images/icon/957_1643445598079.png",False,True
Tea,170,170,BEVERAGES,Coffee,100,Tea,Tea,"https://cdn.grofers.com/cdn-cgi/image/f=auto,fit=scale-down,q=70,metadata=none,w=90/app/images/category/cms_images/icon/957_1643445598079.png",False,True
Brooke Bond Red Label Natural Care Tea,170,170,BEVERAGES,250 g,100,Brooke,Brooke Bond Red Label Natural Care Tea,"https://cdn.grofers.com/cdn-cgi/image/f=auto,fit=scale-down,q=70,metadata=none,w=270/da/cms-assets/cms/product/rc-upload-1778758335441-132.png",False,True
Society Tea,150,150,BEVERAGES,250 g,100,Society,Society Tea,"https://cdn.grofers.com/cdn-cgi/image/f=auto,fit=scale-down,q=70,metadata=none,w=270/da/cms-assets/cms/product/rc-upload-1770274554111-223.png",False,True
Tata Tea Agni Special Blend Tea,70,70,BEVERAGES,250 g,100,Tata,Tata Tea Agni Special Blend Tea,"https://cdn.grofers.com/cdn-cgi/image/f=auto,fit=scale-down,q=70,metadata=none,w=270/da/cms-assets/cms/product/d49aeb12-3456-442a-8e46-b5b7ff1abbe3.png",False,True
Wagh Bakri Premium Leaf Tea,155,155,BEVERAGES,250 g,100,Wagh,Wagh Bakri Premium Leaf Tea,"https://cdn.grofers.com/cdn-cgi/image/f=auto,fit=scale-down,q=70,metadata=none,w=270/da/cms-assets/cms/product/1ebf36f9-58b0-422c-b7f8-05a45da39989.png",False,True
Society Masala Instant Tea Premix - Pack of 2,208,208,BEVERAGES,2 x 140 g,100,Society,Society Masala Instant Tea Premix - Pack of 2,"https://cdn.grofers.com/cdn-cgi/image/f=auto,fit=scale-down,q=70,metadata=none,w=270/da/cms-assets/cms/product/rc-upload-1777436686892-13649.png",False,True
Brooke Bond Taaza Tea 250 g,70,70,BEVERAGES,250 g,100,Brooke,Brooke Bond Taaza Tea 250 g,"https://cdn.grofers.com/cdn-cgi/image/f=auto,fit=scale-down,q=70,metadata=none,w=270/da/cms-assets/cms/product/353be163-f6ec-4eb6-8f09-4cfd3e4b3dc7.png",False,True
Brooke Bond Red Label Strong Blend Tea,50,50,BEVERAGES,100 g,100,Brooke,Brooke Bond Red Label Strong Blend Tea,"https://cdn.grofers.com/cdn-cgi/image/f=auto,fit=scale-down,q=70,metadata=none,w=270/da/cms-assets/cms/product/rc-upload-1778758335441-646.png",False,True
Society Masala Tea,178,178,BEVERAGES,250 g,100,Society,Society Masala Tea,"https://cdn.grofers.com/cdn-cgi/image/f=auto,fit=scale-down,q=70,metadata=none,w=270/da/cms-assets/cms/product/rc-upload-1770714093407-48.png",False,True
Tata Tea Premium Tea (Mini Pack),45,45,BEVERAGES,100 g,100,Tata,Tata Tea Premium Tea (Mini Pack),"https://cdn.grofers.com/cdn-cgi/image/f=auto,fit=scale-down,q=70,metadata=none,w=270/da/cms-assets/cms/product/31bf6470-2a02-45c1-a340-4793cfbd9186.png",False,True
Girnar Royal Cup Tea,160,160,BEVERAGES,250 g,100,Girnar,Girnar Royal Cup Tea,"https://cdn.grofers.com/cdn-cgi/image/f=auto,fit=scale-down,q=70,metadata=none,w=270/da/cms-assets/cms/product/rc-upload-1775816565267-224.png",False,True
Society Tea,286,286,BEVERAGES,500 g,100,Society,Society Tea,"https://cdn.grofers.com/cdn-cgi/image/f=auto,fit=scale-down,q=70,metadata=none,w=270/da/cms-assets/cms/product/rc-upload-1770963085463-349.png",False,True
Society Tea,545,545,BEVERAGES,1 kg,100,Society,Society Tea,"https://cdn.grofers.com/cdn-cgi/image/f=auto,fit=scale-down,q=70,metadata=none,w=270/da/cms-assets/cms/product/rc-upload-1770274554111-237.png",False,True
Tata Tea Premium Tea,135,135,BEVERAGES,250 g,100,Tata,Tata Tea Premium Tea,,False,True
Wagh Bakri Premium Leaf Tea (500 g),303,303,BEVERAGES,500 g,100,Wagh,Wagh Bakri Premium Leaf Tea (500 g),,False,True
Brooke Bond Red Label Masala Instant Tea Premix,99,99,BEVERAGES,10 pcs,100,Brooke,Brooke Bond Red Label Masala Instant Tea Premix,,False,True
Girnar Masala Instant Tea Premix,135,135,BEVERAGES,10 sachets,100,Girnar,Girnar Masala Instant Tea Premix,,False,True
Tata Tea Premium,584,584,BEVERAGES,1.5 kg,100,Tata,Tata Tea Premium,,False,True
Tata Tea Premium Tea,249,249,BEVERAGES,500 g,100,Tata,Tata Tea Premium Tea,,False,True
Brooke Bond Red Label Natural Care Tea (Carton),314,314,BEVERAGES,500 g,100,Brooke,Brooke Bond Red Label Natural Care Tea (Carton),,False,True
Brooke Bond Red Label Tea,150,150,BEVERAGES,250 g,100,Brooke,Brooke Bond Red Label Tea,,False,True
Tata Tea Premium Tea,486,486,BEVERAGES,1 kg,100,Tata,Tata Tea Premium Tea,,False,True
Tata Tea Agni Strong Tea,260,260,BEVERAGES,1 kg,100,Tata,Tata Tea Agni Strong Tea,,False,True
Tata Tea Gold Instant Premix (Masala Flavour),89,89,BEVERAGES,10 pcs,100,Tata,Tata Tea Gold Instant Premix (Masala Flavour),,False,True
Wagh Bakri Spiced Tea,170,170,BEVERAGES,250 g,100,Wagh,Wagh Bakri Spiced Tea,,False,True
Brooke Bond Taj Mahal Rich & Flavourful Tea,200,200,BEVERAGES,250 g,100,Brooke,Brooke Bond Taj Mahal Rich & Flavourful Tea,,False,True
Chaayos Desi Masala Tea,150,150,BEVERAGES,250 g,100,Chaayos,Chaayos Desi Masala Tea,,False,True
Society Elaichi Instant Tea Premix,105,105,BEVERAGES,140 g,100,Society,Society Elaichi Instant Tea Premix,,False,True
Brooke Bond Red Label Natural Care Tea (Pouch),519,519,BEVERAGES,1 kg,100,Brooke,Brooke Bond Red Label Natural Care Tea (Pouch),,False,True
Calcutta Chai Co Masala Instant Tea Premix,420,420,BEVERAGES,15 pcs,100,Calcutta,Calcutta Chai Co Masala Instant Tea Premix,,False,True
Reactive Organics 20 in 1 Assam Masala Chai,399,399,BEVERAGES,200 g,100,Reactive,Reactive Organics 20 in 1 Assam Masala Chai,,False,True
Delivery in 20 minutes,54,54,FROZEN FOODS,"Nalasopara East, Nala Sopara, Vasai-Virar, Maharashtra, India",100,Delivery,Delivery in 20 minutes,"https://cdn.grofers.com/cdn-cgi/image/f=auto,fit=scale-down,q=70,metadata=none,w=90/app/images/category/cms_images/icon/962_1643384795557.png",False,True
Instant & Frozen Food,54,54,FROZEN FOODS,Noodles,100,Instant,Instant & Frozen Food,"https://cdn.grofers.com/cdn-cgi/image/f=auto,fit=scale-down,q=70,metadata=none,w=90/app/images/category/cms_images/icon/962_1643384795557.png",False,True
Noodles,54,54,FROZEN FOODS,Frozen Veg Snacks,100,Noodles,Noodles,"https://cdn.grofers.com/cdn-cgi/image/f=auto,fit=scale-down,q=70,metadata=none,w=90/app/images/category/cms_images/icon/962_1643384795557.png",False,True
Yippee Tom Yum Thai Noodles Tangy & Zesty Delight,54,54,FROZEN FOODS,73 g,100,Yippee,Yippee Tom Yum Thai Noodles Tangy & Zesty Delight,"https://cdn.grofers.com/cdn-cgi/image/f=auto,fit=scale-down,q=70,metadata=none,w=270/da/cms-assets/cms/product/rc-upload-1780372030572-655.png",False,True
Maggi Masala - 2 Minutes Instant Noodles Made With Quality Spices,58,58,FROZEN FOODS,300 g,100,Maggi,Maggi Masala - 2 Minutes Instant Noodles Made With Quality Spices,"https://cdn.grofers.com/cdn-cgi/image/f=auto,fit=scale-down,q=70,metadata=none,w=270/da/cms-assets/cms/product/rc-upload-1778664014838-481.png",False,True
Maggi Double Masala Instant Noodles,20,20,FROZEN FOODS,95 g,100,Maggi,Maggi Double Masala Instant Noodles,"https://cdn.grofers.com/cdn-cgi/image/f=auto,fit=scale-down,q=70,metadata=none,w=270/da/cms-assets/cms/product/rc-upload-1771553348655-939.png",False,True
Maggi 2 Minutes Instant Noodles Made With Quality Spices,79,79,FROZEN FOODS,450 g,100,Maggi,Maggi 2 Minutes Instant Noodles Made With Quality Spices,"https://cdn.grofers.com/cdn-cgi/image/f=auto,fit=scale-down,q=70,metadata=none,w=270/da/cms-assets/cms/product/rc-upload-1778664014838-505.png",False,True
Yippee Magic Masala Instant Noodles with Added Veggies,49,49,FROZEN FOODS,290.4 g,100,Yippee,Yippee Magic Masala Instant Noodles with Added Veggies,"https://cdn.grofers.com/cdn-cgi/image/f=auto,fit=scale-down,q=70,metadata=none,w=270/da/cms-assets/cms/product/rc-upload-1775218772831-6.png",False,True
Maggi Nutrilicious Veg Atta Noodles Made with Only Atta Flour,108,108,FROZEN FOODS,290 g,100,Maggi,Maggi Nutrilicious Veg Atta Noodles Made with Only Atta Flour,"https://cdn.grofers.com/cdn-cgi/image/f=auto,fit=scale-down,q=70,metadata=none,w=270/da/cms-assets/cms/product/rc-upload-1778063967419-36.png",False,True
Maggi 2 - Minute Instant Noodles Made With Quality Spices,162,162,FROZEN FOODS,900 g,100,Maggi,Maggi 2 - Minute Instant Noodles Made With Quality Spices,"https://cdn.grofers.com/cdn-cgi/image/f=auto,fit=scale-down,q=70,metadata=none,w=270/da/cms-assets/cms/product/rc-upload-1773201429611-381.png",False,True
Samyang Ramen Instant Noodles - Carbo Hot Chicken Flavour,150,150,FROZEN FOODS,130 g,100,Samyang,Samyang Ramen Instant Noodles - Carbo Hot Chicken Flavour,"https://cdn.grofers.com/cdn-cgi/image/f=auto,fit=scale-down,q=70,metadata=none,w=270/da/cms-assets/cms/product/rc-upload-1771305481383-2387.png",False,True
Nissin Geki Carbonara Creamy Veg Korean Ramen Instant Noodles,57,57,FROZEN FOODS,80 g,100,Nissin,Nissin Geki Carbonara Creamy Veg Korean Ramen Instant Noodles,"https://cdn.grofers.com/cdn-cgi/image/f=auto,fit=scale-down,q=70,metadata=none,w=270/da/cms-assets/cms/product/rc-upload-1777584708039-284.png",False,True
Maggi Spicy Cheesy Instant Noodles,85,85,FROZEN FOODS,304 g,100,Maggi,Maggi Spicy Cheesy Instant Noodles,"https://cdn.grofers.com/cdn-cgi/image/f=auto,fit=scale-down,q=70,metadata=none,w=270/da/cms-assets/cms/product/rc-upload-1780370979815-24.png",False,True
Maggi Masala Cuppa Noodles,55,55,FROZEN FOODS,70.5 g,100,Maggi,Maggi Masala Cuppa Noodles,"https://cdn.grofers.com/cdn-cgi/image/f=auto,fit=scale-down,q=70,metadata=none,w=270/da/cms-assets/cms/product/rc-upload-1775533735848-312.png",False,True
Maggi Veg Atta Instant Noodles,30,30,FROZEN FOODS,72.5 g,100,Maggi,Maggi Veg Atta Instant Noodles,"https://cdn.grofers.com/cdn-cgi/image/f=auto,fit=scale-down,q=70,metadata=none,w=270/da/cms-assets/cms/product/rc-upload-1778063967419-91.png",False,True
Wai Wai Ready To Eat Chicken Noodles,86,86,FROZEN FOODS,420 g,100,Wai,Wai Wai Ready To Eat Chicken Noodles,,False,True
Maggi Spicy Garlic Instant Noodles,85,85,FROZEN FOODS,248 g,100,Maggi,Maggi Spicy Garlic Instant Noodles,,False,True
Nongshim Shin Ramyun Spicy Flavoured Instant Noodles,120,120,FROZEN FOODS,120 g,100,Nongshim,Nongshim Shin Ramyun Spicy Flavoured Instant Noodles,,False,True
"Ching's Secret Hakka Noodles with Masala (Not Fried, Air Dried)",35,35,FROZEN FOODS,140 g,100,Ching's,"Ching's Secret Hakka Noodles with Masala (Not Fried, Air Dried)",,False,True
Nissin Geki Korean Ramen Spicy Veg Flavoured Instant Noodles,53,53,FROZEN FOODS,80 g,100,Nissin,Nissin Geki Korean Ramen Spicy Veg Flavoured Instant Noodles,,False,True
Maggi 2-Minute Special Masala Instant Noodles,100,100,FROZEN FOODS,4 x 70 g,100,Maggi,Maggi 2-Minute Special Masala Instant Noodles,,False,True
Nissin Geki Korean Ramen Spicy Kimchi Flavoured Instant Noodles,53,53,FROZEN FOODS,80 g,100,Nissin,Nissin Geki Korean Ramen Spicy Kimchi Flavoured Instant Noodles,,False,True
Samyang Ramen Instant Noodles - Hot Chicken Flavour,150,150,FROZEN FOODS,140 g,100,Samyang,Samyang Ramen Instant Noodles - Hot Chicken Flavour,,False,True
Moi Soi Veg Hakka Noodles - Not Fried,99,99,FROZEN FOODS,500 g,100,Moi,Moi Soi Veg Hakka Noodles - Not Fried,,False,True
Samyang Ramen Instant Noodles - Cheese Hot Chicken Flavour,150,150,FROZEN FOODS,140 g,100,Samyang,Samyang Ramen Instant Noodles - Cheese Hot Chicken Flavour,,False,True
Wai Wai Ready To Eat Veg Masala Noodles,86,86,FROZEN FOODS,420 g,100,Wai,Wai Wai Ready To Eat Veg Masala Noodles,,False,True
Yippee Magic Masala Instant Noodles with Added Veggies - Pack of 2,97,97,FROZEN FOODS,2 x 290.4 g,100,Yippee,Yippee Magic Masala Instant Noodles with Added Veggies - Pack of 2,,False,True
Indomie Chicken Flavour Instant Noodles,100,100,FROZEN FOODS,5 x 70 g,100,Indomie,Indomie Chicken Flavour Instant Noodles,,False,True
Knorr Korean Ramen Spicy Jjajangmyeon Flavoured Instant Noodles,46,46,FROZEN FOODS,110 g,100,Knorr,Knorr Korean Ramen Spicy Jjajangmyeon Flavoured Instant Noodles,,False,True
Nissin Geki Korean Ramen Spicy Chicken Flavoured Instant Noodles,53,53,FROZEN FOODS,80 g,100,Nissin,Nissin Geki Korean Ramen Spicy Chicken Flavoured Instant Noodles,,False,True
Nongshim Kimchi Ramyun Noodles,120,120,FROZEN FOODS,120 g,100,Nongshim,Nongshim Kimchi Ramyun Noodles,,False,True
Ching's Secret Chowmein Noodles (with Free Masala Pouch),30,30,FROZEN FOODS,140 g,100,Ching's,Ching's Secret Chowmein Noodles (with Free Masala Pouch),,False,True
Nissin Veggi Manchow Cup Noodles,57,57,FROZEN FOODS,70 g,100,Nissin,Nissin Veggi Manchow Cup Noodles,,False,True
Delivery in 17 minutes,240,240,BEAUTY AND SELF CARE,"Nalasopara East, Nala Sopara, Vasai-Virar, Maharashtra, India",100,Delivery,Delivery in 17 minutes,"https://cdn.grofers.com/cdn-cgi/image/f=auto,fit=scale-down,q=70,metadata=none,w=90/693165e8-9ceb-4911-bdf3-545bcd299c0b.png",False,True
Personal Care,240,240,BEAUTY AND SELF CARE,Face & Body Moisturizers,100,Personal,Personal Care,"https://cdn.grofers.com/cdn-cgi/image/f=auto,fit=scale-down,q=70,metadata=none,w=90/693165e8-9ceb-4911-bdf3-545bcd299c0b.png",False,True
Face & Body Moisturizers,240,240,BEAUTY AND SELF CARE,Bath & Beauty Gifts,100,Face,Face & Body Moisturizers,"https://cdn.grofers.com/cdn-cgi/image/f=auto,fit=scale-down,q=70,metadata=none,w=90/693165e8-9ceb-4911-bdf3-545bcd299c0b.png",False,True
Garnier Niacinamide Fresh & Plump Face Moisturizer,240,240,BEAUTY AND SELF CARE,45 ml,100,Garnier,Garnier Niacinamide Fresh & Plump Face Moisturizer,"https://cdn.grofers.com/cdn-cgi/image/f=auto,fit=scale-down,q=70,metadata=none,w=360/da/cms-assets/cms/product/rc-upload-1773909116319-173.png",False,True
Nivea Body Milk Nourishing Body Lotion,130,130,BEAUTY AND SELF CARE,120 ml,100,Nivea,Nivea Body Milk Nourishing Body Lotion,"https://cdn.grofers.com/cdn-cgi/image/f=auto,fit=scale-down,q=70,metadata=none,w=360/da/cms-assets/cms/product/9b7fcce4-e179-4297-b648-9b449dc4e87a.png",False,True
Pond's Vitamin C Super Light Gel Face Moisturizer,250,250,BEAUTY AND SELF CARE,100 ml,100,Pond's,Pond's Vitamin C Super Light Gel Face Moisturizer,"https://cdn.grofers.com/cdn-cgi/image/f=auto,fit=scale-down,q=70,metadata=none,w=360/da/cms-assets/cms/product/2c822384-943f-462b-8985-da2ed43e9f7a.png",False,True
Garnier Vitamin C Fresh & Bright Face Moisturizer,240,240,BEAUTY AND SELF CARE,45 ml,100,Garnier,Garnier Vitamin C Fresh & Bright Face Moisturizer,"https://cdn.grofers.com/cdn-cgi/image/f=auto,fit=scale-down,q=70,metadata=none,w=360/da/cms-assets/cms/product/rc-upload-1773909116319-203.png",False,True
Plum BodyLovin' Vanilla Caramello Body Lotion,390,390,BEAUTY AND SELF CARE,400 ml,100,Plum,Plum BodyLovin' Vanilla Caramello Body Lotion,"https://cdn.grofers.com/cdn-cgi/image/f=auto,fit=scale-down,q=70,metadata=none,w=360/da/cms-assets/cms/product/ca6c7c1d-d714-46e0-a127-ecc42894ae9f.png",False,True
Minimalist Vitamin B5 10% Gel Moisturizer,332,332,BEAUTY AND SELF CARE,50 g,100,Minimalist,Minimalist Vitamin B5 10% Gel Moisturizer,"https://cdn.grofers.com/cdn-cgi/image/f=auto,fit=scale-down,q=70,metadata=none,w=360/da/cms-assets/cms/product/rc-upload-1772099110297-970.png",False,True
Vaseline Gluta Hya Dewy Radiance Serum Body Lotion,312,312,BEAUTY AND SELF CARE,200 ml,100,Vaseline,Vaseline Gluta Hya Dewy Radiance Serum Body Lotion,"https://cdn.grofers.com/cdn-cgi/image/f=auto,fit=scale-down,q=70,metadata=none,w=360/da/cms-assets/cms/product/rc-upload-1778496956227-448.png",False,True
Smart and Handsome Brightening Men's Face Cream,159,159,BEAUTY AND SELF CARE,60 g,100,Smart,Smart and Handsome Brightening Men's Face Cream,"https://cdn.grofers.com/cdn-cgi/image/f=auto,fit=scale-down,q=70,metadata=none,w=270/da/cms-assets/cms/product/5afb4578-30db-4882-b120-deafb08d8e09.png",False,True
Nivea Soft Daily UV-Light Moisturizing Cream,165,165,BEAUTY AND SELF CARE,50 ml,100,Nivea,Nivea Soft Daily UV-Light Moisturizing Cream,"https://cdn.grofers.com/cdn-cgi/image/f=auto,fit=scale-down,q=70,metadata=none,w=360/da/cms-assets/cms/product/rc-upload-1779967902788-194.png",False,True
Vaseline Petroleum Jelly (40 g),95,95,BEAUTY AND SELF CARE,40 g,100,Vaseline,Vaseline Petroleum Jelly (40 g),"https://cdn.grofers.com/cdn-cgi/image/f=auto,fit=scale-down,q=70,metadata=none,w=360/da/cms-assets/cms/product/20c8c61f-7474-4992-93be-5a2fa6a468ae.png",False,True
Plum Rice Water & 2% Niacinamide Face Moisturizing Gel,304,304,BEAUTY AND SELF CARE,25 g,100,Plum,Plum Rice Water & 2% Niacinamide Face Moisturizing Gel,"https://cdn.grofers.com/cdn-cgi/image/f=auto,fit=scale-down,q=70,metadata=none,w=360/da/cms-assets/cms/product/rc-upload-1775023416545-431.png",False,True
Dot & Key Ceramides Barrier Repair Moisturizer,344,344,BEAUTY AND SELF CARE,100 g,100,Dot,Dot & Key Ceramides Barrier Repair Moisturizer,"https://cdn.grofers.com/cdn-cgi/image/f=auto,fit=scale-down,q=70,metadata=none,w=360/da/cms-assets/cms/product/29df9c85-18b9-43fc-b4fe-b77ef4562590.png",False,True
Parachute Advansed Deep Nourish Body Lotion (400 ml),154,154,BEAUTY AND SELF CARE,400 ml,100,Parachute,Parachute Advansed Deep Nourish Body Lotion (400 ml),,False,True
Cetaphil Moisturizing Lotion,360,360,BEAUTY AND SELF CARE,60 ml,100,Cetaphil,Cetaphil Moisturizing Lotion,,False,True
Vaseline Intensive Care Cocoa Radiant Body Oil,560,560,BEAUTY AND SELF CARE,200 ml,100,Vaseline,Vaseline Intensive Care Cocoa Radiant Body Oil,,False,True
Dot & Key Vitamin C + E Super Bright Moisturizing Cream,436,436,BEAUTY AND SELF CARE,60 ml,100,Dot,Dot & Key Vitamin C + E Super Bright Moisturizing Cream,,False,True
MCaffeine By the Blues Perfume Body Lotion,449,449,BEAUTY AND SELF CARE,300 ml,100,MCaffeine,MCaffeine By the Blues Perfume Body Lotion,,False,True
Pond's Salicylic Acid Super Light Gel Face Moisturizer,250,250,BEAUTY AND SELF CARE,100 ml,100,Pond's,Pond's Salicylic Acid Super Light Gel Face Moisturizer,,False,True
Nivea Super 10 Youth Serum Lotion,280,280,BEAUTY AND SELF CARE,170 ml,100,Nivea,Nivea Super 10 Youth Serum Lotion,,False,True
Pond's Super Light Gel Face Moisturizer,312,312,BEAUTY AND SELF CARE,100 ml,100,Pond's,Pond's Super Light Gel Face Moisturizer,,False,True
Minimalist B12 + Repair Complex 5.5% Face Moisturizer,380,380,BEAUTY AND SELF CARE,50 g,100,Minimalist,Minimalist B12 + Repair Complex 5.5% Face Moisturizer,,False,True
Re' Equil Ceramide & Hyaluronic Acid Moisturizing Cream,266,266,BEAUTY AND SELF CARE,100 g,100,Re',Re' Equil Ceramide & Hyaluronic Acid Moisturizing Cream,,False,True
Nivea Super 10 Glow Serum Lotion,280,280,BEAUTY AND SELF CARE,170 ml,100,Nivea,Nivea Super 10 Glow Serum Lotion,,False,True
Re' Equil Oil Free Moisturizing Cream,266,266,BEAUTY AND SELF CARE,100 g,100,Re',Re' Equil Oil Free Moisturizing Cream,,False,True
Fixderma Nigrifix Pigmentation Skin Treatment Cream,360,360,BEAUTY AND SELF CARE,50 g,100,Fixderma,Fixderma Nigrifix Pigmentation Skin Treatment Cream,,False,True
Foxtale Super Glow Moisturizing Cream (with Vitamin C),190,190,BEAUTY AND SELF CARE,15 ml,100,Foxtale,Foxtale Super Glow Moisturizing Cream (with Vitamin C),,False,True
MCaffeine Sweet Escape Perfume Body Lotion,349,349,BEAUTY AND SELF CARE,300 ml,100,MCaffeine,MCaffeine Sweet Escape Perfume Body Lotion,,False,True
Pilgrim Korean Rice Water Hydra Glow Face Moisturizer,240,240,BEAUTY AND SELF CARE,50 g,100,Pilgrim,Pilgrim Korean Rice Water Hydra Glow Face Moisturizer,,False,True
Vaseline Intensive Care Coconut Restore Body Oil,560,560,BEAUTY AND SELF CARE,200 ml,100,Vaseline,Vaseline Intensive Care Coconut Restore Body Oil,,False,True
Meraki Rose Body Butter,399,399,BEAUTY AND SELF CARE,100 g,100,Meraki,Meraki Rose Body Butter,,False,True
"Nalasopara East, Nala Sopara, Vasai-Virar, Maharashtra, India",90,90,HOUSEHOLD CLEANING,!,100,Nalasopara,"Nalasopara East, Nala Sopara, Vasai-Virar, Maharashtra, India","https://cdn.grofers.com/cdn-cgi/image/f=auto,fit=scale-down,q=70,metadata=none,w=90/app/images/category/cms_images/icon/985_1643619456246.png",False,True
Cleaning Essentials,90,90,HOUSEHOLD CLEANING,Fabric Conditioner & Additives,100,Cleaning,Cleaning Essentials,"https://cdn.grofers.com/cdn-cgi/image/f=auto,fit=scale-down,q=70,metadata=none,w=90/app/images/category/cms_images/icon/985_1643619456246.png",False,True
Fabric Conditioner & Additives,90,90,HOUSEHOLD CLEANING,Floor & Surface Cleaners,100,Fabric,Fabric Conditioner & Additives,"https://cdn.grofers.com/cdn-cgi/image/f=auto,fit=scale-down,q=70,metadata=none,w=90/app/images/category/cms_images/icon/985_1643619456246.png",False,True
Rin Ala Fabric Whitener,90,90,HOUSEHOLD CLEANING,500 ml,100,Rin,Rin Ala Fabric Whitener,"https://cdn.grofers.com/cdn-cgi/image/f=auto,fit=scale-down,q=70,metadata=none,w=270/da/cms-assets/cms/product/33558819-7467-4173-90f4-ed641ac83e47.png",False,True
Comfort After Wash Fabric Conditioner (Morning Fresh),205,205,HOUSEHOLD CLEANING,860 ml,100,Comfort,Comfort After Wash Fabric Conditioner (Morning Fresh),"https://cdn.grofers.com/cdn-cgi/image/f=auto,fit=scale-down,q=70,metadata=none,w=270/da/cms-assets/cms/product/rc-upload-1777632215013-156.png",False,True
Comfort After Wash Fabric Conditioner (Lily Fresh),205,205,HOUSEHOLD CLEANING,860 ml,100,Comfort,Comfort After Wash Fabric Conditioner (Lily Fresh),"https://cdn.grofers.com/cdn-cgi/image/f=auto,fit=scale-down,q=70,metadata=none,w=270/da/cms-assets/cms/product/rc-upload-1777632215013-83.png",False,True
Comfort After Wash Fabric Conditioner (Morning Fresh),379,379,HOUSEHOLD CLEANING,2 ltr,100,Comfort,Comfort After Wash Fabric Conditioner (Morning Fresh),"https://cdn.grofers.com/cdn-cgi/image/f=auto,fit=scale-down,q=70,metadata=none,w=270/da/cms-assets/cms/product/rc-upload-1777882486337-16.png",False,True
Softouch 2X French Perfume Fabric Conditioner,59,59,HOUSEHOLD CLEANING,210 ml,100,Softouch,Softouch 2X French Perfume Fabric Conditioner,"https://cdn.grofers.com/cdn-cgi/image/f=auto,fit=scale-down,q=70,metadata=none,w=270/da/cms-assets/cms/product/rc-upload-1780405462748-575.png",False,True
Comfort After Wash Fabric Conditioner (Lily Fresh),387,387,HOUSEHOLD CLEANING,2 ltr,100,Comfort,Comfort After Wash Fabric Conditioner (Lily Fresh),"https://cdn.grofers.com/cdn-cgi/image/f=auto,fit=scale-down,q=70,metadata=none,w=270/da/cms-assets/cms/product/rc-upload-1777882486337-69.png",False,True
Vanish Oxi Action Fabric Stain Remover 400 ml,148,148,HOUSEHOLD CLEANING,400 ml,100,Vanish,Vanish Oxi Action Fabric Stain Remover 400 ml,"https://cdn.grofers.com/cdn-cgi/image/f=auto,fit=scale-down,q=70,metadata=none,w=270/da/cms-assets/cms/product/f8ef6fe4-5679-45a8-be8d-7743c0d7d881.png",False,True
Comfort Perfume Deluxe Royale Fabric Conditioner,429,429,HOUSEHOLD CLEANING,2 ltr,100,Comfort,Comfort Perfume Deluxe Royale Fabric Conditioner,"https://cdn.grofers.com/cdn-cgi/image/f=auto,fit=scale-down,q=70,metadata=none,w=270/da/cms-assets/cms/product/rc-upload-1777534555736-284.png",False,True
Softouch 2x French Perfume Fabric Conditioner (2 l),309,309,HOUSEHOLD CLEANING,2 ltr,100,Softouch,Softouch 2x French Perfume Fabric Conditioner (2 l),"https://cdn.grofers.com/cdn-cgi/image/f=auto,fit=scale-down,q=70,metadata=none,w=270/da/cms-assets/cms/product/82f281f5-4fb3-4dc1-b273-f53b31267fe8.png",False,True
Softouch After Wash Fabric Conditioner (Ocean Breeze),59,59,HOUSEHOLD CLEANING,210 ml,100,Softouch,Softouch After Wash Fabric Conditioner (Ocean Breeze),"https://cdn.grofers.com/cdn-cgi/image/f=auto,fit=scale-down,q=70,metadata=none,w=270/da/cms-assets/cms/product/rc-upload-1780465754293-330.png",False,True
Softouch After Wash Fabric Conditioner - 2X French Perfume,216,216,HOUSEHOLD CLEANING,1.1 ltr,100,Softouch,Softouch After Wash Fabric Conditioner - 2X French Perfume,"https://cdn.grofers.com/cdn-cgi/image/f=auto,fit=scale-down,q=70,metadata=none,w=270/da/cms-assets/cms/product/rc-upload-1778576362646-22.png",False,True
Comfort After Wash Anti Bacterial Fabric Conditioner,225,225,HOUSEHOLD CLEANING,860 ml,100,Comfort,Comfort After Wash Anti Bacterial Fabric Conditioner,"https://cdn.grofers.com/cdn-cgi/image/f=auto,fit=scale-down,q=70,metadata=none,w=270/da/cms-assets/cms/product/0663183a-d727-4d82-a6a3-aeb08b1fc369.png",False,True
Comfort Perfume Deluxe Mystique Fabric Conditioner,395,395,HOUSEHOLD CLEANING,1.8 ltr,100,Comfort,Comfort Perfume Deluxe Mystique Fabric Conditioner,"https://cdn.grofers.com/cdn-cgi/image/f=auto,fit=scale-down,q=70,metadata=none,w=270/da/cms-assets/cms/product/rc-upload-1777886205687-110.png",False,True
Revive Fabric Stiffener,141,141,HOUSEHOLD CLEANING,400 g,100,Revive,Revive Fabric Stiffener,"https://cdn.grofers.com/cdn-cgi/image/f=auto,fit=scale-down,q=70,metadata=none,w=270/da/cms-assets/cms/product/rc-upload-1775470476025-11.png",False,True
Vedcare Fabric Color Fixer,299,299,HOUSEHOLD CLEANING,500 ml,100,Vedcare,Vedcare Fabric Color Fixer,"https://cdn.grofers.com/cdn-cgi/image/f=auto,fit=scale-down,q=70,metadata=none,w=270/da/cms-assets/cms/product/12461c8f-3b7c-4351-9dae-4826d61928ca.png",False,True
Softouch After Wash Fabric Conditioner (2X Royal Perfume),330,330,HOUSEHOLD CLEANING,2 ltr,100,Softouch,Softouch After Wash Fabric Conditioner (2X Royal Perfume),"https://cdn.grofers.com/cdn-cgi/image/f=auto,fit=scale-down,q=70,metadata=none,w=270/da/cms-assets/cms/product/87f634c4-1249-41af-9df4-bda0f0074b78.png",False,True
Robin Pre-Wash Cuffs and Collars Fabric Whitener,83,83,HOUSEHOLD CLEANING,200 ml,100,Robin,Robin Pre-Wash Cuffs and Collars Fabric Whitener,"https://cdn.grofers.com/cdn-cgi/image/f=auto,fit=scale-down,q=70,metadata=none,w=270/da/cms-assets/cms/product/a3e0b98e-9570-4354-b364-e6c9ddb7c5fc.png",False,True
Comfort Perfume Deluxe Elixir Fabric Conditioner,395,395,HOUSEHOLD CLEANING,1.8 ltr,100,Comfort,Comfort Perfume Deluxe Elixir Fabric Conditioner,"https://cdn.grofers.com/cdn-cgi/image/f=auto,fit=scale-down,q=70,metadata=none,w=270/da/cms-assets/cms/product/rc-upload-1777886205687-119.png",False,True
Savlon Soft & Protect Fabric Conditioner (Fresh Blossom),255,255,HOUSEHOLD CLEANING,890 ml,100,Savlon,Savlon Soft & Protect Fabric Conditioner (Fresh Blossom),,False,True
Ujala Young & Fresh Fabric Conditioner (Aura),179,179,HOUSEHOLD CLEANING,900 ml,100,Ujala,Ujala Young & Fresh Fabric Conditioner (Aura),,False,True
Vanish Oxi Action Fabric Stain Remover (800 ml),222,222,HOUSEHOLD CLEANING,800 ml,100,Vanish,Vanish Oxi Action Fabric Stain Remover (800 ml),,False,True
Vanish Oxi Action Stain Remover,226,226,HOUSEHOLD CLEANING,800 ml,100,Vanish,Vanish Oxi Action Stain Remover,,False,True
Pidilite Stainoff Stain Remover,90,90,HOUSEHOLD CLEANING,50 ml,100,Pidilite,Pidilite Stainoff Stain Remover,,False,True
Vanish Oxi Action Fabric Stain Remover 400 g,234,234,HOUSEHOLD CLEANING,400 g,100,Vanish,Vanish Oxi Action Fabric Stain Remover 400 g,,False,True
Comfort Fabric Conditioner (Perfume Deluxe),432,432,HOUSEHOLD CLEANING,2 ltr,100,Comfort,Comfort Fabric Conditioner (Perfume Deluxe),,False,True
Pidilite Stainoff Instant Stain Remover Fabric Wipes,50,50,HOUSEHOLD CLEANING,5 pcs,100,Pidilite,Pidilite Stainoff Instant Stain Remover Fabric Wipes,,False,True
Comfort Perfume Deluxe Passion Fabric Conditioner,395,395,HOUSEHOLD CLEANING,1.8 ltr,100,Comfort,Comfort Perfume Deluxe Passion Fabric Conditioner,,False,True
Ujala Young & Fresh Fabric Conditioner (Bliss),179,179,HOUSEHOLD CLEANING,900 ml,100,Ujala,Ujala Young & Fresh Fabric Conditioner (Bliss),,False,True
Tide to go Instant Stain Remover Wipes,799,799,HOUSEHOLD CLEANING,6 wipes,100,Tide,Tide to go Instant Stain Remover Wipes,,False,True
Comfort Kiss of Flowers with Rose Fresh Fabric Conditioner,528,528,HOUSEHOLD CLEANING,2 ltr,100,Comfort,Comfort Kiss of Flowers with Rose Fresh Fabric Conditioner,,False,True
Delivery in 21 minutes,337,337,BABY AND KIDS,"Nalasopara East, Nala Sopara, Vasai-Virar, Maharashtra, India",100,Delivery,Delivery in 21 minutes,"https://cdn.grofers.com/cdn-cgi/image/f=auto,fit=scale-down,q=70,metadata=none,w=90/app/images/category/cms_images/icon/1000_1685686698390.png",False,True
Baby Care,337,337,BABY AND KIDS,Diapers & More,100,Baby,Baby Care,"https://cdn.grofers.com/cdn-cgi/image/f=auto,fit=scale-down,q=70,metadata=none,w=90/app/images/category/cms_images/icon/1000_1685686698390.png",False,True
Diapers & More,337,337,BABY AND KIDS,Bathing Needs,100,Diapers,Diapers & More,"https://cdn.grofers.com/cdn-cgi/image/f=auto,fit=scale-down,q=70,metadata=none,w=90/app/images/category/cms_images/icon/1000_1685686698390.png",False,True
Huggies Wonder Pant Pant Style Baby Diaper,337,337,BABY AND KIDS,36 pcs,100,Huggies,Huggies Wonder Pant Pant Style Baby Diaper,"https://cdn.grofers.com/cdn-cgi/image/f=auto,fit=scale-down,q=70,metadata=none,w=270/da/cms-assets/cms/product/rc-upload-1772531570654-171.png",False,True
MamyPoko Pants Extra Absorb Pant Style Baby Diaper,699,699,BABY AND KIDS,48 pcs,100,MamyPoko,MamyPoko Pants Extra Absorb Pant Style Baby Diaper,"https://cdn.grofers.com/cdn-cgi/image/f=auto,fit=scale-down,q=70,metadata=none,w=270/da/cms-assets/cms/product/rc-upload-1778666794034-17.png",False,True
Huggies Wonder Pant Pant Style Baby Diaper,175,175,BABY AND KIDS,24 pcs,100,Huggies,Huggies Wonder Pant Pant Style Baby Diaper,"https://cdn.grofers.com/cdn-cgi/image/f=auto,fit=scale-down,q=70,metadata=none,w=270/da/cms-assets/cms/product/839bf648-c03f-4b35-927e-47f01a9c8ce5.png",False,True
Huggies Wonder Pant Pant Style Baby Diaper,703,703,BABY AND KIDS,56 pcs,100,Huggies,Huggies Wonder Pant Pant Style Baby Diaper,"https://cdn.grofers.com/cdn-cgi/image/f=auto,fit=scale-down,q=70,metadata=none,w=270/da/cms-assets/cms/product/rc-upload-1772531570654-19.png",False,True
LuvLap Regular Pant Style Baby Diaper,618,618,BABY AND KIDS,62 pcs,100,LuvLap,LuvLap Regular Pant Style Baby Diaper,"https://cdn.grofers.com/cdn-cgi/image/f=auto,fit=scale-down,q=70,metadata=none,w=270/da/cms-assets/cms/product/f5e798c3-1900-4e86-9a69-943bda281b53.png",False,True
Little's Fluffy Soft Pant Style Baby Diaper,325,325,BABY AND KIDS,30 pcs,100,Little's,Little's Fluffy Soft Pant Style Baby Diaper,"https://cdn.grofers.com/cdn-cgi/image/f=auto,fit=scale-down,q=70,metadata=none,w=270/da/cms-assets/cms/product/3818b276-7215-4565-8f54-14f546ec509e.png",False,True
MamyPoko Pants All Night Absorb Pant Style Baby Diaper,572,572,BABY AND KIDS,70 pcs,100,MamyPoko,MamyPoko Pants All Night Absorb Pant Style Baby Diaper,"https://cdn.grofers.com/cdn-cgi/image/f=auto,fit=scale-down,q=70,metadata=none,w=270/da/cms-assets/cms/product/rc-upload-1779680455148-43.png",False,True
MamyPoko Pants All Night Absorb Pant Style Baby Diaper,388,388,BABY AND KIDS,34 pcs,100,MamyPoko,MamyPoko Pants All Night Absorb Pant Style Baby Diaper,"https://cdn.grofers.com/cdn-cgi/image/f=auto,fit=scale-down,q=70,metadata=none,w=270/da/cms-assets/cms/product/rc-upload-1779680455148-56.png",False,True
Huggies Wonder Pant Pant Style Baby Diaper,337,337,BABY AND KIDS,44 pcs,100,Huggies,Huggies Wonder Pant Pant Style Baby Diaper,"https://cdn.grofers.com/cdn-cgi/image/f=auto,fit=scale-down,q=70,metadata=none,w=270/da/cms-assets/cms/product/rc-upload-1772531570654-158.png",False,True
Huggies Wonder Pant Style Baby Diaper,349,349,BABY AND KIDS,32 pcs,100,Huggies,Huggies Wonder Pant Style Baby Diaper,"https://cdn.grofers.com/cdn-cgi/image/f=auto,fit=scale-down,q=70,metadata=none,w=270/da/cms-assets/cms/product/rc-upload-1772531570654-623.png",False,True
Pampers Premium Care Pant Style Baby Diaper,744,744,BABY AND KIDS,54 pcs,100,Pampers,Pampers Premium Care Pant Style Baby Diaper,"https://cdn.grofers.com/cdn-cgi/image/f=auto,fit=scale-down,q=70,metadata=none,w=270/da/cms-assets/cms/product/rc-upload-1777557702314-36.png",False,True
LuvLap Regular Pant Style Baby Diaper,602,602,BABY AND KIDS,54 pcs,100,LuvLap,LuvLap Regular Pant Style Baby Diaper,,False,True
Little Smile Pant Style Baby Diaper,303,303,BABY AND KIDS,26 pcs,100,Little,Little Smile Pant Style Baby Diaper,,False,True
Pampers Premium Care Pant Style Baby Diaper,702,702,BABY AND KIDS,44 pcs,100,Pampers,Pampers Premium Care Pant Style Baby Diaper,,False,True
LuvLap Regular Pant Style Baby Diaper,322,322,BABY AND KIDS,36 pcs,100,LuvLap,LuvLap Regular Pant Style Baby Diaper,,False,True
Pampers Premium Care Pant Style Baby Diaper,757,757,BABY AND KIDS,36 pcs,100,Pampers,Pampers Premium Care Pant Style Baby Diaper,,False,True
Little's Fluffy Soft Pant Style Baby Diaper,302,302,BABY AND KIDS,24 pcs,100,Little's,Little's Fluffy Soft Pant Style Baby Diaper,,False,True
Pampers Complete Skin Comfort Pant Style Baby Diaper,499,499,BABY AND KIDS,36 pcs,100,Pampers,Pampers Complete Skin Comfort Pant Style Baby Diaper,,False,True
Little's Fluffy Soft Pant Style Baby Diaper,615,615,BABY AND KIDS,48 pcs,100,Little's,Little's Fluffy Soft Pant Style Baby Diaper,,False,True
Pampers Happy Sleep Pant Style Baby Diaper,494,494,BABY AND KIDS,48 pcs,100,Pampers,Pampers Happy Sleep Pant Style Baby Diaper,,False,True
Pampers Premium Care Pant Style Baby Diaper,719,719,BABY AND KIDS,70 pcs,100,Pampers,Pampers Premium Care Pant Style Baby Diaper,,False,True
Little's Fluffy Soft Pant Style Baby Diaper,307,307,BABY AND KIDS,32 pcs,100,Little's,Little's Fluffy Soft Pant Style Baby Diaper,,False,True
Pampers New Tape Style Baby Diaper,854,854,BABY AND KIDS,72 pcs,100,Pampers,Pampers New Tape Style Baby Diaper,,False,True
MamyPoko Pants All Night Absorb Pant Style Baby Diaper,401,401,BABY AND KIDS,56 pcs,100,MamyPoko,MamyPoko Pants All Night Absorb Pant Style Baby Diaper,,False,True
Teddyy Easy Super Absorbent Pant Style Baby Diaper,446,446,BABY AND KIDS,54 pcs,100,Teddyy,Teddyy Easy Super Absorbent Pant Style Baby Diaper,,False,True
Honey Bunny Premium Care Pant Style Baby Diaper,538,538,BABY AND KIDS,54 pcs,100,Honey,Honey Bunny Premium Care Pant Style Baby Diaper,,False,True
Honey Bunny Premium Care Pant Style Baby Diaper,512,512,BABY AND KIDS,44 pcs,100,Honey,Honey Bunny Premium Care Pant Style Baby Diaper,,False,True
Honey Bunny Premium Care Pant Style Baby Diaper,556,556,BABY AND KIDS,70 pcs,100,Honey,Honey Bunny Premium Care Pant Style Baby Diaper,,False,True
